ftmp_id,size,max,sat,normratio,scale,exp
0,8x480x640x1,255,254.96889,,0,0
12,8x480x640x64,379.8749 379.8749 379.8749 379.8749 379.8749 379.8749 379.8749 379.8749 379.8749 379.8749 379.8749 379.8749 379.8749 379.8749 379.8749 379.8749 379.8749 379.8749 379.8749 379.8749 379.8749 379.8749 379.8749 379.8749 379.8749 379.8749 379.8749 379.8749 379.8749 379.8749 379.8749 379.8749 379.8749 379.8749 379.8749 379.8749 379.8749 379.8749 379.8749 379.8749 379.8749 379.8749 379.8749 379.8749 379.8749 379.8749 379.8749 379.8749 379.8749 379.8749 379.8749 379.8749 379.8749 379.8749 379.8749 379.8749 379.8749 379.8749 379.8749 379.8749 379.8749 379.8749 379.8749 379.8749,363.48053 363.48053 363.48053 363.48053 363.48053 363.48053 363.48053 363.48053 363.48053 363.48053 363.48053 363.48053 363.48053 363.48053 363.48053 363.48053 363.48053 363.48053 363.48053 363.48053 363.48053 363.48053 363.48053 363.48053 363.48053 363.48053 363.48053 363.48053 363.48053 363.48053 363.48053 363.48053 363.48053 363.48053 363.48053 363.48053 363.48053 363.48053 363.48053 363.48053 363.48053 363.48053 363.48053 363.48053 363.48053 363.48053 363.48053 363.48053 363.48053 363.48053 363.48053 363.48053 363.48053 363.48053 363.48053 363.48053 363.48053 363.48053 363.48053 363.48053 363.48053 363.48053 363.48053 363.48053,,0,0
14,8x480x640x64,363.52487 363.52487 363.52487 363.52487 363.52487 363.52487 363.52487 363.52487 363.52487 363.52487 363.52487 363.52487 363.52487 363.52487 363.52487 363.52487 363.52487 363.52487 363.52487 363.52487 363.52487 363.52487 363.52487 363.52487 363.52487 363.52487 363.52487 363.52487 363.52487 363.52487 363.52487 363.52487 363.52487 363.52487 363.52487 363.52487 363.52487 363.52487 363.52487 363.52487 363.52487 363.52487 363.52487 363.52487 363.52487 363.52487 363.52487 363.52487 363.52487 363.52487 363.52487 363.52487 363.52487 363.52487 363.52487 363.52487 363.52487 363.52487 363.52487 363.52487 363.52487 363.52487 363.52487 363.52487,363.48053 363.48053 363.48053 363.48053 363.48053 363.48053 363.48053 363.48053 363.48053 363.48053 363.48053 363.48053 363.48053 363.48053 363.48053 363.48053 363.48053 363.48053 363.48053 363.48053 363.48053 363.48053 363.48053 363.48053 363.48053 363.48053 363.48053 363.48053 363.48053 363.48053 363.48053 363.48053 363.48053 363.48053 363.48053 363.48053 363.48053 363.48053 363.48053 363.48053 363.48053 363.48053 363.48053 363.48053 363.48053 363.48053 363.48053 363.48053 363.48053 363.48053 363.48053 363.48053 363.48053 363.48053 363.48053 363.48053 363.48053 363.48053 363.48053 363.48053 363.48053 363.48053 363.48053 363.48053,,0,0
18,8x480x640x64,185.22412 185.22412 185.22412 185.22412 185.22412 185.22412 185.22412 185.22412 185.22412 185.22412 185.22412 185.22412 185.22412 185.22412 185.22412 185.22412 185.22412 185.22412 185.22412 185.22412 185.22412 185.22412 185.22412 185.22412 185.22412 185.22412 185.22412 185.22412 185.22412 185.22412 185.22412 185.22412 185.22412 185.22412 185.22412 185.22412 185.22412 185.22412 185.22412 185.22412 185.22412 185.22412 185.22412 185.22412 185.22412 185.22412 185.22412 185.22412 185.22412 185.22412 185.22412 185.22412 185.22412 185.22412 185.22412 185.22412 185.22412 185.22412 185.22412 185.22412 185.22412 185.22412 185.22412 185.22412,185.2015 185.2015 185.2015 185.2015 185.2015 185.2015 185.2015 185.2015 185.2015 185.2015 185.2015 185.2015 185.2015 185.2015 185.2015 185.2015 185.2015 185.2015 185.2015 185.2015 185.2015 185.2015 185.2015 185.2015 185.2015 185.2015 185.2015 185.2015 185.2015 185.2015 185.2015 185.2015 185.2015 185.2015 185.2015 185.2015 185.2015 185.2015 185.2015 185.2015 185.2015 185.2015 185.2015 185.2015 185.2015 185.2015 185.2015 185.2015 185.2015 185.2015 185.2015 185.2015 185.2015 185.2015 185.2015 185.2015 185.2015 185.2015 185.2015 185.2015 185.2015 185.2015 185.2015 185.2015,,0,0
20,8x480x640x64,185.22412 185.22412 185.22412 185.22412 185.22412 185.22412 185.22412 185.22412 185.22412 185.22412 185.22412 185.22412 185.22412 185.22412 185.22412 185.22412 185.22412 185.22412 185.22412 185.22412 185.22412 185.22412 185.22412 185.22412 185.22412 185.22412 185.22412 185.22412 185.22412 185.22412 185.22412 185.22412 185.22412 185.22412 185.22412 185.22412 185.22412 185.22412 185.22412 185.22412 185.22412 185.22412 185.22412 185.22412 185.22412 185.22412 185.22412 185.22412 185.22412 185.22412 185.22412 185.22412 185.22412 185.22412 185.22412 185.22412 185.22412 185.22412 185.22412 185.22412 185.22412 185.22412 185.22412 185.22412,185.2015 185.2015 185.2015 185.2015 185.2015 185.2015 185.2015 185.2015 185.2015 185.2015 185.2015 185.2015 185.2015 185.2015 185.2015 185.2015 185.2015 185.2015 185.2015 185.2015 185.2015 185.2015 185.2015 185.2015 185.2015 185.2015 185.2015 185.2015 185.2015 185.2015 185.2015 185.2015 185.2015 185.2015 185.2015 185.2015 185.2015 185.2015 185.2015 185.2015 185.2015 185.2015 185.2015 185.2015 185.2015 185.2015 185.2015 185.2015 185.2015 185.2015 185.2015 185.2015 185.2015 185.2015 185.2015 185.2015 185.2015 185.2015 185.2015 185.2015 185.2015 185.2015 185.2015 185.2015,,0,0
22,8x240x320x64,185.22412 185.22412 185.22412 185.22412 185.22412 185.22412 185.22412 185.22412 185.22412 185.22412 185.22412 185.22412 185.22412 185.22412 185.22412 185.22412 185.22412 185.22412 185.22412 185.22412 185.22412 185.22412 185.22412 185.22412 185.22412 185.22412 185.22412 185.22412 185.22412 185.22412 185.22412 185.22412 185.22412 185.22412 185.22412 185.22412 185.22412 185.22412 185.22412 185.22412 185.22412 185.22412 185.22412 185.22412 185.22412 185.22412 185.22412 185.22412 185.22412 185.22412 185.22412 185.22412 185.22412 185.22412 185.22412 185.22412 185.22412 185.22412 185.22412 185.22412 185.22412 185.22412 185.22412 185.22412,185.2015 185.2015 185.2015 185.2015 185.2015 185.2015 185.2015 185.2015 185.2015 185.2015 185.2015 185.2015 185.2015 185.2015 185.2015 185.2015 185.2015 185.2015 185.2015 185.2015 185.2015 185.2015 185.2015 185.2015 185.2015 185.2015 185.2015 185.2015 185.2015 185.2015 185.2015 185.2015 185.2015 185.2015 185.2015 185.2015 185.2015 185.2015 185.2015 185.2015 185.2015 185.2015 185.2015 185.2015 185.2015 185.2015 185.2015 185.2015 185.2015 185.2015 185.2015 185.2015 185.2015 185.2015 185.2015 185.2015 185.2015 185.2015 185.2015 185.2015 185.2015 185.2015 185.2015 185.2015,,0,0
26,8x240x320x64,74.756325 74.756325 74.756325 74.756325 74.756325 74.756325 74.756325 74.756325 74.756325 74.756325 74.756325 74.756325 74.756325 74.756325 74.756325 74.756325 74.756325 74.756325 74.756325 74.756325 74.756325 74.756325 74.756325 74.756325 74.756325 74.756325 74.756325 74.756325 74.756325 74.756325 74.756325 74.756325 74.756325 74.756325 74.756325 74.756325 74.756325 74.756325 74.756325 74.756325 74.756325 74.756325 74.756325 74.756325 74.756325 74.756325 74.756325 74.756325 74.756325 74.756325 74.756325 74.756325 74.756325 74.756325 74.756325 74.756325 74.756325 74.756325 74.756325 74.756325 74.756325 74.756325 74.756325 74.756325,66.21427 66.21427 66.21427 66.21427 66.21427 66.21427 66.21427 66.21427 66.21427 66.21427 66.21427 66.21427 66.21427 66.21427 66.21427 66.21427 66.21427 66.21427 66.21427 66.21427 66.21427 66.21427 66.21427 66.21427 66.21427 66.21427 66.21427 66.21427 66.21427 66.21427 66.21427 66.21427 66.21427 66.21427 66.21427 66.21427 66.21427 66.21427 66.21427 66.21427 66.21427 66.21427 66.21427 66.21427 66.21427 66.21427 66.21427 66.21427 66.21427 66.21427 66.21427 66.21427 66.21427 66.21427 66.21427 66.21427 66.21427 66.21427 66.21427 66.21427 66.21427 66.21427 66.21427 66.21427,,0,0
28,8x240x320x64,66.22236 66.22236 66.22236 66.22236 66.22236 66.22236 66.22236 66.22236 66.22236 66.22236 66.22236 66.22236 66.22236 66.22236 66.22236 66.22236 66.22236 66.22236 66.22236 66.22236 66.22236 66.22236 66.22236 66.22236 66.22236 66.22236 66.22236 66.22236 66.22236 66.22236 66.22236 66.22236 66.22236 66.22236 66.22236 66.22236 66.22236 66.22236 66.22236 66.22236 66.22236 66.22236 66.22236 66.22236 66.22236 66.22236 66.22236 66.22236 66.22236 66.22236 66.22236 66.22236 66.22236 66.22236 66.22236 66.22236 66.22236 66.22236 66.22236 66.22236 66.22236 66.22236 66.22236 66.22236,66.21427 66.21427 66.21427 66.21427 66.21427 66.21427 66.21427 66.21427 66.21427 66.21427 66.21427 66.21427 66.21427 66.21427 66.21427 66.21427 66.21427 66.21427 66.21427 66.21427 66.21427 66.21427 66.21427 66.21427 66.21427 66.21427 66.21427 66.21427 66.21427 66.21427 66.21427 66.21427 66.21427 66.21427 66.21427 66.21427 66.21427 66.21427 66.21427 66.21427 66.21427 66.21427 66.21427 66.21427 66.21427 66.21427 66.21427 66.21427 66.21427 66.21427 66.21427 66.21427 66.21427 66.21427 66.21427 66.21427 66.21427 66.21427 66.21427 66.21427 66.21427 66.21427 66.21427 66.21427,,0,0
32,8x240x320x64,24.450966 24.450966 24.450966 24.450966 24.450966 24.450966 24.450966 24.450966 24.450966 24.450966 24.450966 24.450966 24.450966 24.450966 24.450966 24.450966 24.450966 24.450966 24.450966 24.450966 24.450966 24.450966 24.450966 24.450966 24.450966 24.450966 24.450966 24.450966 24.450966 24.450966 24.450966 24.450966 24.450966 24.450966 24.450966 24.450966 24.450966 24.450966 24.450966 24.450966 24.450966 24.450966 24.450966 24.450966 24.450966 24.450966 24.450966 24.450966 24.450966 24.450966 24.450966 24.450966 24.450966 24.450966 24.450966 24.450966 24.450966 24.450966 24.450966 24.450966 24.450966 24.450966 24.450966 24.450966,24.44798 24.44798 24.44798 24.44798 24.44798 24.44798 24.44798 24.44798 24.44798 24.44798 24.44798 24.44798 24.44798 24.44798 24.44798 24.44798 24.44798 24.44798 24.44798 24.44798 24.44798 24.44798 24.44798 24.44798 24.44798 24.44798 24.44798 24.44798 24.44798 24.44798 24.44798 24.44798 24.44798 24.44798 24.44798 24.44798 24.44798 24.44798 24.44798 24.44798 24.44798 24.44798 24.44798 24.44798 24.44798 24.44798 24.44798 24.44798 24.44798 24.44798 24.44798 24.44798 24.44798 24.44798 24.44798 24.44798 24.44798 24.44798 24.44798 24.44798 24.44798 24.44798 24.44798 24.44798,,0,0
34,8x240x320x64,24.450966 24.450966 24.450966 24.450966 24.450966 24.450966 24.450966 24.450966 24.450966 24.450966 24.450966 24.450966 24.450966 24.450966 24.450966 24.450966 24.450966 24.450966 24.450966 24.450966 24.450966 24.450966 24.450966 24.450966 24.450966 24.450966 24.450966 24.450966 24.450966 24.450966 24.450966 24.450966 24.450966 24.450966 24.450966 24.450966 24.450966 24.450966 24.450966 24.450966 24.450966 24.450966 24.450966 24.450966 24.450966 24.450966 24.450966 24.450966 24.450966 24.450966 24.450966 24.450966 24.450966 24.450966 24.450966 24.450966 24.450966 24.450966 24.450966 24.450966 24.450966 24.450966 24.450966 24.450966,24.44798 24.44798 24.44798 24.44798 24.44798 24.44798 24.44798 24.44798 24.44798 24.44798 24.44798 24.44798 24.44798 24.44798 24.44798 24.44798 24.44798 24.44798 24.44798 24.44798 24.44798 24.44798 24.44798 24.44798 24.44798 24.44798 24.44798 24.44798 24.44798 24.44798 24.44798 24.44798 24.44798 24.44798 24.44798 24.44798 24.44798 24.44798 24.44798 24.44798 24.44798 24.44798 24.44798 24.44798 24.44798 24.44798 24.44798 24.44798 24.44798 24.44798 24.44798 24.44798 24.44798 24.44798 24.44798 24.44798 24.44798 24.44798 24.44798 24.44798 24.44798 24.44798 24.44798 24.44798,,0,0
36,8x120x160x64,24.450966 24.450966 24.450966 24.450966 24.450966 24.450966 24.450966 24.450966 24.450966 24.450966 24.450966 24.450966 24.450966 24.450966 24.450966 24.450966 24.450966 24.450966 24.450966 24.450966 24.450966 24.450966 24.450966 24.450966 24.450966 24.450966 24.450966 24.450966 24.450966 24.450966 24.450966 24.450966 24.450966 24.450966 24.450966 24.450966 24.450966 24.450966 24.450966 24.450966 24.450966 24.450966 24.450966 24.450966 24.450966 24.450966 24.450966 24.450966 24.450966 24.450966 24.450966 24.450966 24.450966 24.450966 24.450966 24.450966 24.450966 24.450966 24.450966 24.450966 24.450966 24.450966 24.450966 24.450966,24.44798 24.44798 24.44798 24.44798 24.44798 24.44798 24.44798 24.44798 24.44798 24.44798 24.44798 24.44798 24.44798 24.44798 24.44798 24.44798 24.44798 24.44798 24.44798 24.44798 24.44798 24.44798 24.44798 24.44798 24.44798 24.44798 24.44798 24.44798 24.44798 24.44798 24.44798 24.44798 24.44798 24.44798 24.44798 24.44798 24.44798 24.44798 24.44798 24.44798 24.44798 24.44798 24.44798 24.44798 24.44798 24.44798 24.44798 24.44798 24.44798 24.44798 24.44798 24.44798 24.44798 24.44798 24.44798 24.44798 24.44798 24.44798 24.44798 24.44798 24.44798 24.44798 24.44798 24.44798,,0,0
40,8x120x160x128,10.807593 10.807593 10.807593 10.807593 10.807593 10.807593 10.807593 10.807593 10.807593 10.807593 10.807593 10.807593 10.807593 10.807593 10.807593 10.807593 10.807593 10.807593 10.807593 10.807593 10.807593 10.807593 10.807593 10.807593 10.807593 10.807593 10.807593 10.807593 10.807593 10.807593 10.807593 10.807593 10.807593 10.807593 10.807593 10.807593 10.807593 10.807593 10.807593 10.807593 10.807593 10.807593 10.807593 10.807593 10.807593 10.807593 10.807593 10.807593 10.807593 10.807593 10.807593 10.807593 10.807593 10.807593 10.807593 10.807593 10.807593 10.807593 10.807593 10.807593 10.807593 10.807593 10.807593 10.807593 10.807593 10.807593 10.807593 10.807593 10.807593 10.807593 10.807593 10.807593 10.807593 10.807593 10.807593 10.807593 10.807593 10.807593 10.807593 10.807593 10.807593 10.807593 10.807593 10.807593 10.807593 10.807593 10.807593 10.807593 10.807593 10.807593 10.807593 10.807593 10.807593 10.807593 10.807593 10.807593 10.807593 10.807593 10.807593 10.807593 10.807593 10.807593 10.807593 10.807593 10.807593 10.807593 10.807593 10.807593 10.807593 10.807593 10.807593 10.807593 10.807593 10.807593 10.807593 10.807593 10.807593 10.807593 10.807593 10.807593 10.807593 10.807593 10.807593 10.807593 10.807593 10.807593 10.807593 10.807593,10.806274 10.806274 10.806274 10.806274 10.806274 10.806274 10.806274 10.806274 10.806274 10.806274 10.806274 10.806274 10.806274 10.806274 10.806274 10.806274 10.806274 10.806274 10.806274 10.806274 10.806274 10.806274 10.806274 10.806274 10.806274 10.806274 10.806274 10.806274 10.806274 10.806274 10.806274 10.806274 10.806274 10.806274 10.806274 10.806274 10.806274 10.806274 10.806274 10.806274 10.806274 10.806274 10.806274 10.806274 10.806274 10.806274 10.806274 10.806274 10.806274 10.806274 10.806274 10.806274 10.806274 10.806274 10.806274 10.806274 10.806274 10.806274 10.806274 10.806274 10.806274 10.806274 10.806274 10.806274 10.806274 10.806274 10.806274 10.806274 10.806274 10.806274 10.806274 10.806274 10.806274 10.806274 10.806274 10.806274 10.806274 10.806274 10.806274 10.806274 10.806274 10.806274 10.806274 10.806274 10.806274 10.806274 10.806274 10.806274 10.806274 10.806274 10.806274 10.806274 10.806274 10.806274 10.806274 10.806274 10.806274 10.806274 10.806274 10.806274 10.806274 10.806274 10.806274 10.806274 10.806274 10.806274 10.806274 10.806274 10.806274 10.806274 10.806274 10.806274 10.806274 10.806274 10.806274 10.806274 10.806274 10.806274 10.806274 10.806274 10.806274 10.806274 10.806274 10.806274 10.806274 10.806274 10.806274 10.806274,,0,0
42,8x120x160x128,10.807593 10.807593 10.807593 10.807593 10.807593 10.807593 10.807593 10.807593 10.807593 10.807593 10.807593 10.807593 10.807593 10.807593 10.807593 10.807593 10.807593 10.807593 10.807593 10.807593 10.807593 10.807593 10.807593 10.807593 10.807593 10.807593 10.807593 10.807593 10.807593 10.807593 10.807593 10.807593 10.807593 10.807593 10.807593 10.807593 10.807593 10.807593 10.807593 10.807593 10.807593 10.807593 10.807593 10.807593 10.807593 10.807593 10.807593 10.807593 10.807593 10.807593 10.807593 10.807593 10.807593 10.807593 10.807593 10.807593 10.807593 10.807593 10.807593 10.807593 10.807593 10.807593 10.807593 10.807593 10.807593 10.807593 10.807593 10.807593 10.807593 10.807593 10.807593 10.807593 10.807593 10.807593 10.807593 10.807593 10.807593 10.807593 10.807593 10.807593 10.807593 10.807593 10.807593 10.807593 10.807593 10.807593 10.807593 10.807593 10.807593 10.807593 10.807593 10.807593 10.807593 10.807593 10.807593 10.807593 10.807593 10.807593 10.807593 10.807593 10.807593 10.807593 10.807593 10.807593 10.807593 10.807593 10.807593 10.807593 10.807593 10.807593 10.807593 10.807593 10.807593 10.807593 10.807593 10.807593 10.807593 10.807593 10.807593 10.807593 10.807593 10.807593 10.807593 10.807593 10.807593 10.807593 10.807593 10.807593,10.806274 10.806274 10.806274 10.806274 10.806274 10.806274 10.806274 10.806274 10.806274 10.806274 10.806274 10.806274 10.806274 10.806274 10.806274 10.806274 10.806274 10.806274 10.806274 10.806274 10.806274 10.806274 10.806274 10.806274 10.806274 10.806274 10.806274 10.806274 10.806274 10.806274 10.806274 10.806274 10.806274 10.806274 10.806274 10.806274 10.806274 10.806274 10.806274 10.806274 10.806274 10.806274 10.806274 10.806274 10.806274 10.806274 10.806274 10.806274 10.806274 10.806274 10.806274 10.806274 10.806274 10.806274 10.806274 10.806274 10.806274 10.806274 10.806274 10.806274 10.806274 10.806274 10.806274 10.806274 10.806274 10.806274 10.806274 10.806274 10.806274 10.806274 10.806274 10.806274 10.806274 10.806274 10.806274 10.806274 10.806274 10.806274 10.806274 10.806274 10.806274 10.806274 10.806274 10.806274 10.806274 10.806274 10.806274 10.806274 10.806274 10.806274 10.806274 10.806274 10.806274 10.806274 10.806274 10.806274 10.806274 10.806274 10.806274 10.806274 10.806274 10.806274 10.806274 10.806274 10.806274 10.806274 10.806274 10.806274 10.806274 10.806274 10.806274 10.806274 10.806274 10.806274 10.806274 10.806274 10.806274 10.806274 10.806274 10.806274 10.806274 10.806274 10.806274 10.806274 10.806274 10.806274 10.806274 10.806274,,0,0
46,8x120x160x128,4.454896 4.454896 4.454896 4.454896 4.454896 4.454896 4.454896 4.454896 4.454896 4.454896 4.454896 4.454896 4.454896 4.454896 4.454896 4.454896 4.454896 4.454896 4.454896 4.454896 4.454896 4.454896 4.454896 4.454896 4.454896 4.454896 4.454896 4.454896 4.454896 4.454896 4.454896 4.454896 4.454896 4.454896 4.454896 4.454896 4.454896 4.454896 4.454896 4.454896 4.454896 4.454896 4.454896 4.454896 4.454896 4.454896 4.454896 4.454896 4.454896 4.454896 4.454896 4.454896 4.454896 4.454896 4.454896 4.454896 4.454896 4.454896 4.454896 4.454896 4.454896 4.454896 4.454896 4.454896 4.454896 4.454896 4.454896 4.454896 4.454896 4.454896 4.454896 4.454896 4.454896 4.454896 4.454896 4.454896 4.454896 4.454896 4.454896 4.454896 4.454896 4.454896 4.454896 4.454896 4.454896 4.454896 4.454896 4.454896 4.454896 4.454896 4.454896 4.454896 4.454896 4.454896 4.454896 4.454896 4.454896 4.454896 4.454896 4.454896 4.454896 4.454896 4.454896 4.454896 4.454896 4.454896 4.454896 4.454896 4.454896 4.454896 4.454896 4.454896 4.454896 4.454896 4.454896 4.454896 4.454896 4.454896 4.454896 4.454896 4.454896 4.454896 4.454896 4.454896 4.454896 4.454896 4.454896 4.454896,4.0699196 4.0699196 4.0699196 4.0699196 4.0699196 4.0699196 4.0699196 4.0699196 4.0699196 4.0699196 4.0699196 4.0699196 4.0699196 4.0699196 4.0699196 4.0699196 4.0699196 4.0699196 4.0699196 4.0699196 4.0699196 4.0699196 4.0699196 4.0699196 4.0699196 4.0699196 4.0699196 4.0699196 4.0699196 4.0699196 4.0699196 4.0699196 4.0699196 4.0699196 4.0699196 4.0699196 4.0699196 4.0699196 4.0699196 4.0699196 4.0699196 4.0699196 4.0699196 4.0699196 4.0699196 4.0699196 4.0699196 4.0699196 4.0699196 4.0699196 4.0699196 4.0699196 4.0699196 4.0699196 4.0699196 4.0699196 4.0699196 4.0699196 4.0699196 4.0699196 4.0699196 4.0699196 4.0699196 4.0699196 4.0699196 4.0699196 4.0699196 4.0699196 4.0699196 4.0699196 4.0699196 4.0699196 4.0699196 4.0699196 4.0699196 4.0699196 4.0699196 4.0699196 4.0699196 4.0699196 4.0699196 4.0699196 4.0699196 4.0699196 4.0699196 4.0699196 4.0699196 4.0699196 4.0699196 4.0699196 4.0699196 4.0699196 4.0699196 4.0699196 4.0699196 4.0699196 4.0699196 4.0699196 4.0699196 4.0699196 4.0699196 4.0699196 4.0699196 4.0699196 4.0699196 4.0699196 4.0699196 4.0699196 4.0699196 4.0699196 4.0699196 4.0699196 4.0699196 4.0699196 4.0699196 4.0699196 4.0699196 4.0699196 4.0699196 4.0699196 4.0699196 4.0699196 4.0699196 4.0699196 4.0699196 4.0699196 4.0699196 4.0699196,,0,0
48,8x120x160x128,4.0704165 4.0704165 4.0704165 4.0704165 4.0704165 4.0704165 4.0704165 4.0704165 4.0704165 4.0704165 4.0704165 4.0704165 4.0704165 4.0704165 4.0704165 4.0704165 4.0704165 4.0704165 4.0704165 4.0704165 4.0704165 4.0704165 4.0704165 4.0704165 4.0704165 4.0704165 4.0704165 4.0704165 4.0704165 4.0704165 4.0704165 4.0704165 4.0704165 4.0704165 4.0704165 4.0704165 4.0704165 4.0704165 4.0704165 4.0704165 4.0704165 4.0704165 4.0704165 4.0704165 4.0704165 4.0704165 4.0704165 4.0704165 4.0704165 4.0704165 4.0704165 4.0704165 4.0704165 4.0704165 4.0704165 4.0704165 4.0704165 4.0704165 4.0704165 4.0704165 4.0704165 4.0704165 4.0704165 4.0704165 4.0704165 4.0704165 4.0704165 4.0704165 4.0704165 4.0704165 4.0704165 4.0704165 4.0704165 4.0704165 4.0704165 4.0704165 4.0704165 4.0704165 4.0704165 4.0704165 4.0704165 4.0704165 4.0704165 4.0704165 4.0704165 4.0704165 4.0704165 4.0704165 4.0704165 4.0704165 4.0704165 4.0704165 4.0704165 4.0704165 4.0704165 4.0704165 4.0704165 4.0704165 4.0704165 4.0704165 4.0704165 4.0704165 4.0704165 4.0704165 4.0704165 4.0704165 4.0704165 4.0704165 4.0704165 4.0704165 4.0704165 4.0704165 4.0704165 4.0704165 4.0704165 4.0704165 4.0704165 4.0704165 4.0704165 4.0704165 4.0704165 4.0704165 4.0704165 4.0704165 4.0704165 4.0704165 4.0704165 4.0704165,4.0699196 4.0699196 4.0699196 4.0699196 4.0699196 4.0699196 4.0699196 4.0699196 4.0699196 4.0699196 4.0699196 4.0699196 4.0699196 4.0699196 4.0699196 4.0699196 4.0699196 4.0699196 4.0699196 4.0699196 4.0699196 4.0699196 4.0699196 4.0699196 4.0699196 4.0699196 4.0699196 4.0699196 4.0699196 4.0699196 4.0699196 4.0699196 4.0699196 4.0699196 4.0699196 4.0699196 4.0699196 4.0699196 4.0699196 4.0699196 4.0699196 4.0699196 4.0699196 4.0699196 4.0699196 4.0699196 4.0699196 4.0699196 4.0699196 4.0699196 4.0699196 4.0699196 4.0699196 4.0699196 4.0699196 4.0699196 4.0699196 4.0699196 4.0699196 4.0699196 4.0699196 4.0699196 4.0699196 4.0699196 4.0699196 4.0699196 4.0699196 4.0699196 4.0699196 4.0699196 4.0699196 4.0699196 4.0699196 4.0699196 4.0699196 4.0699196 4.0699196 4.0699196 4.0699196 4.0699196 4.0699196 4.0699196 4.0699196 4.0699196 4.0699196 4.0699196 4.0699196 4.0699196 4.0699196 4.0699196 4.0699196 4.0699196 4.0699196 4.0699196 4.0699196 4.0699196 4.0699196 4.0699196 4.0699196 4.0699196 4.0699196 4.0699196 4.0699196 4.0699196 4.0699196 4.0699196 4.0699196 4.0699196 4.0699196 4.0699196 4.0699196 4.0699196 4.0699196 4.0699196 4.0699196 4.0699196 4.0699196 4.0699196 4.0699196 4.0699196 4.0699196 4.0699196 4.0699196 4.0699196 4.0699196 4.0699196 4.0699196 4.0699196,,0,0
50,8x60x80x128,4.0704165 4.0704165 4.0704165 4.0704165 4.0704165 4.0704165 4.0704165 4.0704165 4.0704165 4.0704165 4.0704165 4.0704165 4.0704165 4.0704165 4.0704165 4.0704165 4.0704165 4.0704165 4.0704165 4.0704165 4.0704165 4.0704165 4.0704165 4.0704165 4.0704165 4.0704165 4.0704165 4.0704165 4.0704165 4.0704165 4.0704165 4.0704165 4.0704165 4.0704165 4.0704165 4.0704165 4.0704165 4.0704165 4.0704165 4.0704165 4.0704165 4.0704165 4.0704165 4.0704165 4.0704165 4.0704165 4.0704165 4.0704165 4.0704165 4.0704165 4.0704165 4.0704165 4.0704165 4.0704165 4.0704165 4.0704165 4.0704165 4.0704165 4.0704165 4.0704165 4.0704165 4.0704165 4.0704165 4.0704165 4.0704165 4.0704165 4.0704165 4.0704165 4.0704165 4.0704165 4.0704165 4.0704165 4.0704165 4.0704165 4.0704165 4.0704165 4.0704165 4.0704165 4.0704165 4.0704165 4.0704165 4.0704165 4.0704165 4.0704165 4.0704165 4.0704165 4.0704165 4.0704165 4.0704165 4.0704165 4.0704165 4.0704165 4.0704165 4.0704165 4.0704165 4.0704165 4.0704165 4.0704165 4.0704165 4.0704165 4.0704165 4.0704165 4.0704165 4.0704165 4.0704165 4.0704165 4.0704165 4.0704165 4.0704165 4.0704165 4.0704165 4.0704165 4.0704165 4.0704165 4.0704165 4.0704165 4.0704165 4.0704165 4.0704165 4.0704165 4.0704165 4.0704165 4.0704165 4.0704165 4.0704165 4.0704165 4.0704165 4.0704165,4.0699196 4.0699196 4.0699196 4.0699196 4.0699196 4.0699196 4.0699196 4.0699196 4.0699196 4.0699196 4.0699196 4.0699196 4.0699196 4.0699196 4.0699196 4.0699196 4.0699196 4.0699196 4.0699196 4.0699196 4.0699196 4.0699196 4.0699196 4.0699196 4.0699196 4.0699196 4.0699196 4.0699196 4.0699196 4.0699196 4.0699196 4.0699196 4.0699196 4.0699196 4.0699196 4.0699196 4.0699196 4.0699196 4.0699196 4.0699196 4.0699196 4.0699196 4.0699196 4.0699196 4.0699196 4.0699196 4.0699196 4.0699196 4.0699196 4.0699196 4.0699196 4.0699196 4.0699196 4.0699196 4.0699196 4.0699196 4.0699196 4.0699196 4.0699196 4.0699196 4.0699196 4.0699196 4.0699196 4.0699196 4.0699196 4.0699196 4.0699196 4.0699196 4.0699196 4.0699196 4.0699196 4.0699196 4.0699196 4.0699196 4.0699196 4.0699196 4.0699196 4.0699196 4.0699196 4.0699196 4.0699196 4.0699196 4.0699196 4.0699196 4.0699196 4.0699196 4.0699196 4.0699196 4.0699196 4.0699196 4.0699196 4.0699196 4.0699196 4.0699196 4.0699196 4.0699196 4.0699196 4.0699196 4.0699196 4.0699196 4.0699196 4.0699196 4.0699196 4.0699196 4.0699196 4.0699196 4.0699196 4.0699196 4.0699196 4.0699196 4.0699196 4.0699196 4.0699196 4.0699196 4.0699196 4.0699196 4.0699196 4.0699196 4.0699196 4.0699196 4.0699196 4.0699196 4.0699196 4.0699196 4.0699196 4.0699196 4.0699196 4.0699196,,0,0
54,8x60x80x128,1.6144356 1.6144356 1.6144356 1.6144356 1.6144356 1.6144356 1.6144356 1.6144356 1.6144356 1.6144356 1.6144356 1.6144356 1.6144356 1.6144356 1.6144356 1.6144356 1.6144356 1.6144356 1.6144356 1.6144356 1.6144356 1.6144356 1.6144356 1.6144356 1.6144356 1.6144356 1.6144356 1.6144356 1.6144356 1.6144356 1.6144356 1.6144356 1.6144356 1.6144356 1.6144356 1.6144356 1.6144356 1.6144356 1.6144356 1.6144356 1.6144356 1.6144356 1.6144356 1.6144356 1.6144356 1.6144356 1.6144356 1.6144356 1.6144356 1.6144356 1.6144356 1.6144356 1.6144356 1.6144356 1.6144356 1.6144356 1.6144356 1.6144356 1.6144356 1.6144356 1.6144356 1.6144356 1.6144356 1.6144356 1.6144356 1.6144356 1.6144356 1.6144356 1.6144356 1.6144356 1.6144356 1.6144356 1.6144356 1.6144356 1.6144356 1.6144356 1.6144356 1.6144356 1.6144356 1.6144356 1.6144356 1.6144356 1.6144356 1.6144356 1.6144356 1.6144356 1.6144356 1.6144356 1.6144356 1.6144356 1.6144356 1.6144356 1.6144356 1.6144356 1.6144356 1.6144356 1.6144356 1.6144356 1.6144356 1.6144356 1.6144356 1.6144356 1.6144356 1.6144356 1.6144356 1.6144356 1.6144356 1.6144356 1.6144356 1.6144356 1.6144356 1.6144356 1.6144356 1.6144356 1.6144356 1.6144356 1.6144356 1.6144356 1.6144356 1.6144356 1.6144356 1.6144356 1.6144356 1.6144356 1.6144356 1.6144356 1.6144356 1.6144356,1.5284085 1.5284085 1.5284085 1.5284085 1.5284085 1.5284085 1.5284085 1.5284085 1.5284085 1.5284085 1.5284085 1.5284085 1.5284085 1.5284085 1.5284085 1.5284085 1.5284085 1.5284085 1.5284085 1.5284085 1.5284085 1.5284085 1.5284085 1.5284085 1.5284085 1.5284085 1.5284085 1.5284085 1.5284085 1.5284085 1.5284085 1.5284085 1.5284085 1.5284085 1.5284085 1.5284085 1.5284085 1.5284085 1.5284085 1.5284085 1.5284085 1.5284085 1.5284085 1.5284085 1.5284085 1.5284085 1.5284085 1.5284085 1.5284085 1.5284085 1.5284085 1.5284085 1.5284085 1.5284085 1.5284085 1.5284085 1.5284085 1.5284085 1.5284085 1.5284085 1.5284085 1.5284085 1.5284085 1.5284085 1.5284085 1.5284085 1.5284085 1.5284085 1.5284085 1.5284085 1.5284085 1.5284085 1.5284085 1.5284085 1.5284085 1.5284085 1.5284085 1.5284085 1.5284085 1.5284085 1.5284085 1.5284085 1.5284085 1.5284085 1.5284085 1.5284085 1.5284085 1.5284085 1.5284085 1.5284085 1.5284085 1.5284085 1.5284085 1.5284085 1.5284085 1.5284085 1.5284085 1.5284085 1.5284085 1.5284085 1.5284085 1.5284085 1.5284085 1.5284085 1.5284085 1.5284085 1.5284085 1.5284085 1.5284085 1.5284085 1.5284085 1.5284085 1.5284085 1.5284085 1.5284085 1.5284085 1.5284085 1.5284085 1.5284085 1.5284085 1.5284085 1.5284085 1.5284085 1.5284085 1.5284085 1.5284085 1.5284085 1.5284085,,0,0
56,8x60x80x128,1.5285951 1.5285951 1.5285951 1.5285951 1.5285951 1.5285951 1.5285951 1.5285951 1.5285951 1.5285951 1.5285951 1.5285951 1.5285951 1.5285951 1.5285951 1.5285951 1.5285951 1.5285951 1.5285951 1.5285951 1.5285951 1.5285951 1.5285951 1.5285951 1.5285951 1.5285951 1.5285951 1.5285951 1.5285951 1.5285951 1.5285951 1.5285951 1.5285951 1.5285951 1.5285951 1.5285951 1.5285951 1.5285951 1.5285951 1.5285951 1.5285951 1.5285951 1.5285951 1.5285951 1.5285951 1.5285951 1.5285951 1.5285951 1.5285951 1.5285951 1.5285951 1.5285951 1.5285951 1.5285951 1.5285951 1.5285951 1.5285951 1.5285951 1.5285951 1.5285951 1.5285951 1.5285951 1.5285951 1.5285951 1.5285951 1.5285951 1.5285951 1.5285951 1.5285951 1.5285951 1.5285951 1.5285951 1.5285951 1.5285951 1.5285951 1.5285951 1.5285951 1.5285951 1.5285951 1.5285951 1.5285951 1.5285951 1.5285951 1.5285951 1.5285951 1.5285951 1.5285951 1.5285951 1.5285951 1.5285951 1.5285951 1.5285951 1.5285951 1.5285951 1.5285951 1.5285951 1.5285951 1.5285951 1.5285951 1.5285951 1.5285951 1.5285951 1.5285951 1.5285951 1.5285951 1.5285951 1.5285951 1.5285951 1.5285951 1.5285951 1.5285951 1.5285951 1.5285951 1.5285951 1.5285951 1.5285951 1.5285951 1.5285951 1.5285951 1.5285951 1.5285951 1.5285951 1.5285951 1.5285951 1.5285951 1.5285951 1.5285951 1.5285951,1.5284085 1.5284085 1.5284085 1.5284085 1.5284085 1.5284085 1.5284085 1.5284085 1.5284085 1.5284085 1.5284085 1.5284085 1.5284085 1.5284085 1.5284085 1.5284085 1.5284085 1.5284085 1.5284085 1.5284085 1.5284085 1.5284085 1.5284085 1.5284085 1.5284085 1.5284085 1.5284085 1.5284085 1.5284085 1.5284085 1.5284085 1.5284085 1.5284085 1.5284085 1.5284085 1.5284085 1.5284085 1.5284085 1.5284085 1.5284085 1.5284085 1.5284085 1.5284085 1.5284085 1.5284085 1.5284085 1.5284085 1.5284085 1.5284085 1.5284085 1.5284085 1.5284085 1.5284085 1.5284085 1.5284085 1.5284085 1.5284085 1.5284085 1.5284085 1.5284085 1.5284085 1.5284085 1.5284085 1.5284085 1.5284085 1.5284085 1.5284085 1.5284085 1.5284085 1.5284085 1.5284085 1.5284085 1.5284085 1.5284085 1.5284085 1.5284085 1.5284085 1.5284085 1.5284085 1.5284085 1.5284085 1.5284085 1.5284085 1.5284085 1.5284085 1.5284085 1.5284085 1.5284085 1.5284085 1.5284085 1.5284085 1.5284085 1.5284085 1.5284085 1.5284085 1.5284085 1.5284085 1.5284085 1.5284085 1.5284085 1.5284085 1.5284085 1.5284085 1.5284085 1.5284085 1.5284085 1.5284085 1.5284085 1.5284085 1.5284085 1.5284085 1.5284085 1.5284085 1.5284085 1.5284085 1.5284085 1.5284085 1.5284085 1.5284085 1.5284085 1.5284085 1.5284085 1.5284085 1.5284085 1.5284085 1.5284085 1.5284085 1.5284085,,0,0
60,8x60x80x128,0.5553948 0.5553948 0.5553948 0.5553948 0.5553948 0.5553948 0.5553948 0.5553948 0.5553948 0.5553948 0.5553948 0.5553948 0.5553948 0.5553948 0.5553948 0.5553948 0.5553948 0.5553948 0.5553948 0.5553948 0.5553948 0.5553948 0.5553948 0.5553948 0.5553948 0.5553948 0.5553948 0.5553948 0.5553948 0.5553948 0.5553948 0.5553948 0.5553948 0.5553948 0.5553948 0.5553948 0.5553948 0.5553948 0.5553948 0.5553948 0.5553948 0.5553948 0.5553948 0.5553948 0.5553948 0.5553948 0.5553948 0.5553948 0.5553948 0.5553948 0.5553948 0.5553948 0.5553948 0.5553948 0.5553948 0.5553948 0.5553948 0.5553948 0.5553948 0.5553948 0.5553948 0.5553948 0.5553948 0.5553948 0.5553948 0.5553948 0.5553948 0.5553948 0.5553948 0.5553948 0.5553948 0.5553948 0.5553948 0.5553948 0.5553948 0.5553948 0.5553948 0.5553948 0.5553948 0.5553948 0.5553948 0.5553948 0.5553948 0.5553948 0.5553948 0.5553948 0.5553948 0.5553948 0.5553948 0.5553948 0.5553948 0.5553948 0.5553948 0.5553948 0.5553948 0.5553948 0.5553948 0.5553948 0.5553948 0.5553948 0.5553948 0.5553948 0.5553948 0.5553948 0.5553948 0.5553948 0.5553948 0.5553948 0.5553948 0.5553948 0.5553948 0.5553948 0.5553948 0.5553948 0.5553948 0.5553948 0.5553948 0.5553948 0.5553948 0.5553948 0.5553948 0.5553948 0.5553948 0.5553948 0.5553948 0.5553948 0.5553948 0.5553948,0.4489627 0.4489627 0.4489627 0.4489627 0.4489627 0.4489627 0.4489627 0.4489627 0.4489627 0.4489627 0.4489627 0.4489627 0.4489627 0.4489627 0.4489627 0.4489627 0.4489627 0.4489627 0.4489627 0.4489627 0.4489627 0.4489627 0.4489627 0.4489627 0.4489627 0.4489627 0.4489627 0.4489627 0.4489627 0.4489627 0.4489627 0.4489627 0.4489627 0.4489627 0.4489627 0.4489627 0.4489627 0.4489627 0.4489627 0.4489627 0.4489627 0.4489627 0.4489627 0.4489627 0.4489627 0.4489627 0.4489627 0.4489627 0.4489627 0.4489627 0.4489627 0.4489627 0.4489627 0.4489627 0.4489627 0.4489627 0.4489627 0.4489627 0.4489627 0.4489627 0.4489627 0.4489627 0.4489627 0.4489627 0.4489627 0.4489627 0.4489627 0.4489627 0.4489627 0.4489627 0.4489627 0.4489627 0.4489627 0.4489627 0.4489627 0.4489627 0.4489627 0.4489627 0.4489627 0.4489627 0.4489627 0.4489627 0.4489627 0.4489627 0.4489627 0.4489627 0.4489627 0.4489627 0.4489627 0.4489627 0.4489627 0.4489627 0.4489627 0.4489627 0.4489627 0.4489627 0.4489627 0.4489627 0.4489627 0.4489627 0.4489627 0.4489627 0.4489627 0.4489627 0.4489627 0.4489627 0.4489627 0.4489627 0.4489627 0.4489627 0.4489627 0.4489627 0.4489627 0.4489627 0.4489627 0.4489627 0.4489627 0.4489627 0.4489627 0.4489627 0.4489627 0.4489627 0.4489627 0.4489627 0.4489627 0.4489627 0.4489627 0.4489627,,0,0
62,8x60x80x128,0.44901747 0.44901747 0.44901747 0.44901747 0.44901747 0.44901747 0.44901747 0.44901747 0.44901747 0.44901747 0.44901747 0.44901747 0.44901747 0.44901747 0.44901747 0.44901747 0.44901747 0.44901747 0.44901747 0.44901747 0.44901747 0.44901747 0.44901747 0.44901747 0.44901747 0.44901747 0.44901747 0.44901747 0.44901747 0.44901747 0.44901747 0.44901747 0.44901747 0.44901747 0.44901747 0.44901747 0.44901747 0.44901747 0.44901747 0.44901747 0.44901747 0.44901747 0.44901747 0.44901747 0.44901747 0.44901747 0.44901747 0.44901747 0.44901747 0.44901747 0.44901747 0.44901747 0.44901747 0.44901747 0.44901747 0.44901747 0.44901747 0.44901747 0.44901747 0.44901747 0.44901747 0.44901747 0.44901747 0.44901747 0.44901747 0.44901747 0.44901747 0.44901747 0.44901747 0.44901747 0.44901747 0.44901747 0.44901747 0.44901747 0.44901747 0.44901747 0.44901747 0.44901747 0.44901747 0.44901747 0.44901747 0.44901747 0.44901747 0.44901747 0.44901747 0.44901747 0.44901747 0.44901747 0.44901747 0.44901747 0.44901747 0.44901747 0.44901747 0.44901747 0.44901747 0.44901747 0.44901747 0.44901747 0.44901747 0.44901747 0.44901747 0.44901747 0.44901747 0.44901747 0.44901747 0.44901747 0.44901747 0.44901747 0.44901747 0.44901747 0.44901747 0.44901747 0.44901747 0.44901747 0.44901747 0.44901747 0.44901747 0.44901747 0.44901747 0.44901747 0.44901747 0.44901747 0.44901747 0.44901747 0.44901747 0.44901747 0.44901747 0.44901747,0.4489627 0.4489627 0.4489627 0.4489627 0.4489627 0.4489627 0.4489627 0.4489627 0.4489627 0.4489627 0.4489627 0.4489627 0.4489627 0.4489627 0.4489627 0.4489627 0.4489627 0.4489627 0.4489627 0.4489627 0.4489627 0.4489627 0.4489627 0.4489627 0.4489627 0.4489627 0.4489627 0.4489627 0.4489627 0.4489627 0.4489627 0.4489627 0.4489627 0.4489627 0.4489627 0.4489627 0.4489627 0.4489627 0.4489627 0.4489627 0.4489627 0.4489627 0.4489627 0.4489627 0.4489627 0.4489627 0.4489627 0.4489627 0.4489627 0.4489627 0.4489627 0.4489627 0.4489627 0.4489627 0.4489627 0.4489627 0.4489627 0.4489627 0.4489627 0.4489627 0.4489627 0.4489627 0.4489627 0.4489627 0.4489627 0.4489627 0.4489627 0.4489627 0.4489627 0.4489627 0.4489627 0.4489627 0.4489627 0.4489627 0.4489627 0.4489627 0.4489627 0.4489627 0.4489627 0.4489627 0.4489627 0.4489627 0.4489627 0.4489627 0.4489627 0.4489627 0.4489627 0.4489627 0.4489627 0.4489627 0.4489627 0.4489627 0.4489627 0.4489627 0.4489627 0.4489627 0.4489627 0.4489627 0.4489627 0.4489627 0.4489627 0.4489627 0.4489627 0.4489627 0.4489627 0.4489627 0.4489627 0.4489627 0.4489627 0.4489627 0.4489627 0.4489627 0.4489627 0.4489627 0.4489627 0.4489627 0.4489627 0.4489627 0.4489627 0.4489627 0.4489627 0.4489627 0.4489627 0.4489627 0.4489627 0.4489627 0.4489627 0.4489627,,0,0
66,8x60x80x256,0.19786648 0.19786648 0.19786648 0.19786648 0.19786648 0.19786648 0.19786648 0.19786648 0.19786648 0.19786648 0.19786648 0.19786648 0.19786648 0.19786648 0.19786648 0.19786648 0.19786648 0.19786648 0.19786648 0.19786648 0.19786648 0.19786648 0.19786648 0.19786648 0.19786648 0.19786648 0.19786648 0.19786648 0.19786648 0.19786648 0.19786648 0.19786648 0.19786648 0.19786648 0.19786648 0.19786648 0.19786648 0.19786648 0.19786648 0.19786648 0.19786648 0.19786648 0.19786648 0.19786648 0.19786648 0.19786648 0.19786648 0.19786648 0.19786648 0.19786648 0.19786648 0.19786648 0.19786648 0.19786648 0.19786648 0.19786648 0.19786648 0.19786648 0.19786648 0.19786648 0.19786648 0.19786648 0.19786648 0.19786648 0.19786648 0.19786648 0.19786648 0.19786648 0.19786648 0.19786648 0.19786648 0.19786648 0.19786648 0.19786648 0.19786648 0.19786648 0.19786648 0.19786648 0.19786648 0.19786648 0.19786648 0.19786648 0.19786648 0.19786648 0.19786648 0.19786648 0.19786648 0.19786648 0.19786648 0.19786648 0.19786648 0.19786648 0.19786648 0.19786648 0.19786648 0.19786648 0.19786648 0.19786648 0.19786648 0.19786648 0.19786648 0.19786648 0.19786648 0.19786648 0.19786648 0.19786648 0.19786648 0.19786648 0.19786648 0.19786648 0.19786648 0.19786648 0.19786648 0.19786648 0.19786648 0.19786648 0.19786648 0.19786648 0.19786648 0.19786648 0.19786648 0.19786648 0.19786648 0.19786648 0.19786648 0.19786648 0.19786648 0.19786648 0.19786648 0.19786648 0.19786648 0.19786648 0.19786648 0.19786648 0.19786648 0.19786648 0.19786648 0.19786648 0.19786648 0.19786648 0.19786648 0.19786648 0.19786648 0.19786648 0.19786648 0.19786648 0.19786648 0.19786648 0.19786648 0.19786648 0.19786648 0.19786648 0.19786648 0.19786648 0.19786648 0.19786648 0.19786648 0.19786648 0.19786648 0.19786648 0.19786648 0.19786648 0.19786648 0.19786648 0.19786648 0.19786648 0.19786648 0.19786648 0.19786648 0.19786648 0.19786648 0.19786648 0.19786648 0.19786648 0.19786648 0.19786648 0.19786648 0.19786648 0.19786648 0.19786648 0.19786648 0.19786648 0.19786648 0.19786648 0.19786648 0.19786648 0.19786648 0.19786648 0.19786648 0.19786648 0.19786648 0.19786648 0.19786648 0.19786648 0.19786648 0.19786648 0.19786648 0.19786648 0.19786648 0.19786648 0.19786648 0.19786648 0.19786648 0.19786648 0.19786648 0.19786648 0.19786648 0.19786648 0.19786648 0.19786648 0.19786648 0.19786648 0.19786648 0.19786648 0.19786648 0.19786648 0.19786648 0.19786648 0.19786648 0.19786648 0.19786648 0.19786648 0.19786648 0.19786648 0.19786648 0.19786648 0.19786648 0.19786648 0.19786648 0.19786648 0.19786648 0.19786648 0.19786648 0.19786648 0.19786648 0.19786648 0.19786648 0.19786648 0.19786648 0.19786648 0.19786648 0.19786648 0.19786648 0.19786648 0.19786648 0.19786648 0.19786648 0.19786648 0.19786648 0.19786648 0.19786648 0.19786648 0.19786648 0.19786648 0.19786648 0.19786648,0.1874913 0.1874913 0.1874913 0.1874913 0.1874913 0.1874913 0.1874913 0.1874913 0.1874913 0.1874913 0.1874913 0.1874913 0.1874913 0.1874913 0.1874913 0.1874913 0.1874913 0.1874913 0.1874913 0.1874913 0.1874913 0.1874913 0.1874913 0.1874913 0.1874913 0.1874913 0.1874913 0.1874913 0.1874913 0.1874913 0.1874913 0.1874913 0.1874913 0.1874913 0.1874913 0.1874913 0.1874913 0.1874913 0.1874913 0.1874913 0.1874913 0.1874913 0.1874913 0.1874913 0.1874913 0.1874913 0.1874913 0.1874913 0.1874913 0.1874913 0.1874913 0.1874913 0.1874913 0.1874913 0.1874913 0.1874913 0.1874913 0.1874913 0.1874913 0.1874913 0.1874913 0.1874913 0.1874913 0.1874913 0.1874913 0.1874913 0.1874913 0.1874913 0.1874913 0.1874913 0.1874913 0.1874913 0.1874913 0.1874913 0.1874913 0.1874913 0.1874913 0.1874913 0.1874913 0.1874913 0.1874913 0.1874913 0.1874913 0.1874913 0.1874913 0.1874913 0.1874913 0.1874913 0.1874913 0.1874913 0.1874913 0.1874913 0.1874913 0.1874913 0.1874913 0.1874913 0.1874913 0.1874913 0.1874913 0.1874913 0.1874913 0.1874913 0.1874913 0.1874913 0.1874913 0.1874913 0.1874913 0.1874913 0.1874913 0.1874913 0.1874913 0.1874913 0.1874913 0.1874913 0.1874913 0.1874913 0.1874913 0.1874913 0.1874913 0.1874913 0.1874913 0.1874913 0.1874913 0.1874913 0.1874913 0.1874913 0.1874913 0.1874913 0.1874913 0.1874913 0.1874913 0.1874913 0.1874913 0.1874913 0.1874913 0.1874913 0.1874913 0.1874913 0.1874913 0.1874913 0.1874913 0.1874913 0.1874913 0.1874913 0.1874913 0.1874913 0.1874913 0.1874913 0.1874913 0.1874913 0.1874913 0.1874913 0.1874913 0.1874913 0.1874913 0.1874913 0.1874913 0.1874913 0.1874913 0.1874913 0.1874913 0.1874913 0.1874913 0.1874913 0.1874913 0.1874913 0.1874913 0.1874913 0.1874913 0.1874913 0.1874913 0.1874913 0.1874913 0.1874913 0.1874913 0.1874913 0.1874913 0.1874913 0.1874913 0.1874913 0.1874913 0.1874913 0.1874913 0.1874913 0.1874913 0.1874913 0.1874913 0.1874913 0.1874913 0.1874913 0.1874913 0.1874913 0.1874913 0.1874913 0.1874913 0.1874913 0.1874913 0.1874913 0.1874913 0.1874913 0.1874913 0.1874913 0.1874913 0.1874913 0.1874913 0.1874913 0.1874913 0.1874913 0.1874913 0.1874913 0.1874913 0.1874913 0.1874913 0.1874913 0.1874913 0.1874913 0.1874913 0.1874913 0.1874913 0.1874913 0.1874913 0.1874913 0.1874913 0.1874913 0.1874913 0.1874913 0.1874913 0.1874913 0.1874913 0.1874913 0.1874913 0.1874913 0.1874913 0.1874913 0.1874913 0.1874913 0.1874913 0.1874913 0.1874913 0.1874913 0.1874913 0.1874913 0.1874913 0.1874913 0.1874913 0.1874913 0.1874913 0.1874913 0.1874913 0.1874913 0.1874913 0.1874913 0.1874913 0.1874913 0.1874913 0.1874913,,0,0
68,8x60x80x256,0.18751417 0.18751417 0.18751417 0.18751417 0.18751417 0.18751417 0.18751417 0.18751417 0.18751417 0.18751417 0.18751417 0.18751417 0.18751417 0.18751417 0.18751417 0.18751417 0.18751417 0.18751417 0.18751417 0.18751417 0.18751417 0.18751417 0.18751417 0.18751417 0.18751417 0.18751417 0.18751417 0.18751417 0.18751417 0.18751417 0.18751417 0.18751417 0.18751417 0.18751417 0.18751417 0.18751417 0.18751417 0.18751417 0.18751417 0.18751417 0.18751417 0.18751417 0.18751417 0.18751417 0.18751417 0.18751417 0.18751417 0.18751417 0.18751417 0.18751417 0.18751417 0.18751417 0.18751417 0.18751417 0.18751417 0.18751417 0.18751417 0.18751417 0.18751417 0.18751417 0.18751417 0.18751417 0.18751417 0.18751417 0.18751417 0.18751417 0.18751417 0.18751417 0.18751417 0.18751417 0.18751417 0.18751417 0.18751417 0.18751417 0.18751417 0.18751417 0.18751417 0.18751417 0.18751417 0.18751417 0.18751417 0.18751417 0.18751417 0.18751417 0.18751417 0.18751417 0.18751417 0.18751417 0.18751417 0.18751417 0.18751417 0.18751417 0.18751417 0.18751417 0.18751417 0.18751417 0.18751417 0.18751417 0.18751417 0.18751417 0.18751417 0.18751417 0.18751417 0.18751417 0.18751417 0.18751417 0.18751417 0.18751417 0.18751417 0.18751417 0.18751417 0.18751417 0.18751417 0.18751417 0.18751417 0.18751417 0.18751417 0.18751417 0.18751417 0.18751417 0.18751417 0.18751417 0.18751417 0.18751417 0.18751417 0.18751417 0.18751417 0.18751417 0.18751417 0.18751417 0.18751417 0.18751417 0.18751417 0.18751417 0.18751417 0.18751417 0.18751417 0.18751417 0.18751417 0.18751417 0.18751417 0.18751417 0.18751417 0.18751417 0.18751417 0.18751417 0.18751417 0.18751417 0.18751417 0.18751417 0.18751417 0.18751417 0.18751417 0.18751417 0.18751417 0.18751417 0.18751417 0.18751417 0.18751417 0.18751417 0.18751417 0.18751417 0.18751417 0.18751417 0.18751417 0.18751417 0.18751417 0.18751417 0.18751417 0.18751417 0.18751417 0.18751417 0.18751417 0.18751417 0.18751417 0.18751417 0.18751417 0.18751417 0.18751417 0.18751417 0.18751417 0.18751417 0.18751417 0.18751417 0.18751417 0.18751417 0.18751417 0.18751417 0.18751417 0.18751417 0.18751417 0.18751417 0.18751417 0.18751417 0.18751417 0.18751417 0.18751417 0.18751417 0.18751417 0.18751417 0.18751417 0.18751417 0.18751417 0.18751417 0.18751417 0.18751417 0.18751417 0.18751417 0.18751417 0.18751417 0.18751417 0.18751417 0.18751417 0.18751417 0.18751417 0.18751417 0.18751417 0.18751417 0.18751417 0.18751417 0.18751417 0.18751417 0.18751417 0.18751417 0.18751417 0.18751417 0.18751417 0.18751417 0.18751417 0.18751417 0.18751417 0.18751417 0.18751417 0.18751417 0.18751417 0.18751417 0.18751417 0.18751417 0.18751417 0.18751417 0.18751417 0.18751417 0.18751417 0.18751417 0.18751417 0.18751417 0.18751417 0.18751417 0.18751417 0.18751417 0.18751417 0.18751417 0.18751417 0.18751417 0.18751417 0.18751417,0.1874913 0.1874913 0.1874913 0.1874913 0.1874913 0.1874913 0.1874913 0.1874913 0.1874913 0.1874913 0.1874913 0.1874913 0.1874913 0.1874913 0.1874913 0.1874913 0.1874913 0.1874913 0.1874913 0.1874913 0.1874913 0.1874913 0.1874913 0.1874913 0.1874913 0.1874913 0.1874913 0.1874913 0.1874913 0.1874913 0.1874913 0.1874913 0.1874913 0.1874913 0.1874913 0.1874913 0.1874913 0.1874913 0.1874913 0.1874913 0.1874913 0.1874913 0.1874913 0.1874913 0.1874913 0.1874913 0.1874913 0.1874913 0.1874913 0.1874913 0.1874913 0.1874913 0.1874913 0.1874913 0.1874913 0.1874913 0.1874913 0.1874913 0.1874913 0.1874913 0.1874913 0.1874913 0.1874913 0.1874913 0.1874913 0.1874913 0.1874913 0.1874913 0.1874913 0.1874913 0.1874913 0.1874913 0.1874913 0.1874913 0.1874913 0.1874913 0.1874913 0.1874913 0.1874913 0.1874913 0.1874913 0.1874913 0.1874913 0.1874913 0.1874913 0.1874913 0.1874913 0.1874913 0.1874913 0.1874913 0.1874913 0.1874913 0.1874913 0.1874913 0.1874913 0.1874913 0.1874913 0.1874913 0.1874913 0.1874913 0.1874913 0.1874913 0.1874913 0.1874913 0.1874913 0.1874913 0.1874913 0.1874913 0.1874913 0.1874913 0.1874913 0.1874913 0.1874913 0.1874913 0.1874913 0.1874913 0.1874913 0.1874913 0.1874913 0.1874913 0.1874913 0.1874913 0.1874913 0.1874913 0.1874913 0.1874913 0.1874913 0.1874913 0.1874913 0.1874913 0.1874913 0.1874913 0.1874913 0.1874913 0.1874913 0.1874913 0.1874913 0.1874913 0.1874913 0.1874913 0.1874913 0.1874913 0.1874913 0.1874913 0.1874913 0.1874913 0.1874913 0.1874913 0.1874913 0.1874913 0.1874913 0.1874913 0.1874913 0.1874913 0.1874913 0.1874913 0.1874913 0.1874913 0.1874913 0.1874913 0.1874913 0.1874913 0.1874913 0.1874913 0.1874913 0.1874913 0.1874913 0.1874913 0.1874913 0.1874913 0.1874913 0.1874913 0.1874913 0.1874913 0.1874913 0.1874913 0.1874913 0.1874913 0.1874913 0.1874913 0.1874913 0.1874913 0.1874913 0.1874913 0.1874913 0.1874913 0.1874913 0.1874913 0.1874913 0.1874913 0.1874913 0.1874913 0.1874913 0.1874913 0.1874913 0.1874913 0.1874913 0.1874913 0.1874913 0.1874913 0.1874913 0.1874913 0.1874913 0.1874913 0.1874913 0.1874913 0.1874913 0.1874913 0.1874913 0.1874913 0.1874913 0.1874913 0.1874913 0.1874913 0.1874913 0.1874913 0.1874913 0.1874913 0.1874913 0.1874913 0.1874913 0.1874913 0.1874913 0.1874913 0.1874913 0.1874913 0.1874913 0.1874913 0.1874913 0.1874913 0.1874913 0.1874913 0.1874913 0.1874913 0.1874913 0.1874913 0.1874913 0.1874913 0.1874913 0.1874913 0.1874913 0.1874913 0.1874913 0.1874913 0.1874913 0.1874913 0.1874913 0.1874913 0.1874913 0.1874913 0.1874913 0.1874913 0.1874913 0.1874913 0.1874913 0.1874913,,0,0
72,8x60x80x65,0.144017 0.144017 0.144017 0.144017 0.144017 0.144017 0.144017 0.144017 0.144017 0.144017 0.144017 0.144017 0.144017 0.144017 0.144017 0.144017 0.144017 0.144017 0.144017 0.144017 0.144017 0.144017 0.144017 0.144017 0.144017 0.144017 0.144017 0.144017 0.144017 0.144017 0.144017 0.144017 0.144017 0.144017 0.144017 0.144017 0.144017 0.144017 0.144017 0.144017 0.144017 0.144017 0.144017 0.144017 0.144017 0.144017 0.144017 0.144017 0.144017 0.144017 0.144017 0.144017 0.144017 0.144017 0.144017 0.144017 0.144017 0.144017 0.144017 0.144017 0.144017 0.144017 0.144017 0.144017 0.144017,0.14399941 0.14399941 0.14399941 0.14399941 0.14399941 0.14399941 0.14399941 0.14399941 0.14399941 0.14399941 0.14399941 0.14399941 0.14399941 0.14399941 0.14399941 0.14399941 0.14399941 0.14399941 0.14399941 0.14399941 0.14399941 0.14399941 0.14399941 0.14399941 0.14399941 0.14399941 0.14399941 0.14399941 0.14399941 0.14399941 0.14399941 0.14399941 0.14399941 0.14399941 0.14399941 0.14399941 0.14399941 0.14399941 0.14399941 0.14399941 0.14399941 0.14399941 0.14399941 0.14399941 0.14399941 0.14399941 0.14399941 0.14399941 0.14399941 0.14399941 0.14399941 0.14399941 0.14399941 0.14399941 0.14399941 0.14399941 0.14399941 0.14399941 0.14399941 0.14399941 0.14399941 0.14399941 0.14399941 0.14399941 0.14399941,,0,0
76,8x80x60x65,0.144017 0.144017 0.144017 0.144017 0.144017 0.144017 0.144017 0.144017 0.144017 0.144017 0.144017 0.144017 0.144017 0.144017 0.144017 0.144017 0.144017 0.144017 0.144017 0.144017 0.144017 0.144017 0.144017 0.144017 0.144017 0.144017 0.144017 0.144017 0.144017 0.144017 0.144017 0.144017 0.144017 0.144017 0.144017 0.144017 0.144017 0.144017 0.144017 0.144017 0.144017 0.144017 0.144017 0.144017 0.144017 0.144017 0.144017 0.144017 0.144017 0.144017 0.144017 0.144017 0.144017 0.144017 0.144017 0.144017 0.144017 0.144017 0.144017 0.144017 0.144017 0.144017 0.144017 0.144017 0.144017,0.14399941 0.14399941 0.14399941 0.14399941 0.14399941 0.14399941 0.14399941 0.14399941 0.14399941 0.14399941 0.14399941 0.14399941 0.14399941 0.14399941 0.14399941 0.14399941 0.14399941 0.14399941 0.14399941 0.14399941 0.14399941 0.14399941 0.14399941 0.14399941 0.14399941 0.14399941 0.14399941 0.14399941 0.14399941 0.14399941 0.14399941 0.14399941 0.14399941 0.14399941 0.14399941 0.14399941 0.14399941 0.14399941 0.14399941 0.14399941 0.14399941 0.14399941 0.14399941 0.14399941 0.14399941 0.14399941 0.14399941 0.14399941 0.14399941 0.14399941 0.14399941 0.14399941 0.14399941 0.14399941 0.14399941 0.14399941 0.14399941 0.14399941 0.14399941 0.14399941 0.14399941 0.14399941 0.14399941 0.14399941 0.14399941,,0,0
78,38400x65,0.017642537 0.017642537 0.017642537 0.017642537 0.017642537 0.017642537 0.017642537 0.017642537 0.017642537 0.017642537 0.017642537 0.017642537 0.017642537 0.017642537 0.017642537 0.017642537 0.017642537 0.017642537 0.017642537 0.017642537 0.017642537 0.017642537 0.017642537 0.017642537 0.017642537 0.017642537 0.017642537 0.017642537 0.017642537 0.017642537 0.017642537 0.017642537 0.017642537 0.017642537 0.017642537 0.017642537 0.017642537 0.017642537 0.017642537 0.017642537 0.017642537 0.017642537 0.017642537 0.017642537 0.017642537 0.017642537 0.017642537 0.017642537 0.017642537 0.017642537 0.017642537 0.017642537 0.017642537 0.017642537 0.017642537 0.017642537 0.017642537 0.017642537 0.017642537 0.017642537 0.017642537 0.017642537 0.017642537 0.017642537 0.017642537,0.017640384 0.017640384 0.017640384 0.017640384 0.017640384 0.017640384 0.017640384 0.017640384 0.017640384 0.017640384 0.017640384 0.017640384 0.017640384 0.017640384 0.017640384 0.017640384 0.017640384 0.017640384 0.017640384 0.017640384 0.017640384 0.017640384 0.017640384 0.017640384 0.017640384 0.017640384 0.017640384 0.017640384 0.017640384 0.017640384 0.017640384 0.017640384 0.017640384 0.017640384 0.017640384 0.017640384 0.017640384 0.017640384 0.017640384 0.017640384 0.017640384 0.017640384 0.017640384 0.017640384 0.017640384 0.017640384 0.017640384 0.017640384 0.017640384 0.017640384 0.017640384 0.017640384 0.017640384 0.017640384 0.017640384 0.017640384 0.017640384 0.017640384 0.017640384 0.017640384 0.017640384 0.017640384 0.017640384 0.017640384 0.017640384,,0,0
84,8x60x80x256,0.22447279 0.22447279 0.22447279 0.22447279 0.22447279 0.22447279 0.22447279 0.22447279 0.22447279 0.22447279 0.22447279 0.22447279 0.22447279 0.22447279 0.22447279 0.22447279 0.22447279 0.22447279 0.22447279 0.22447279 0.22447279 0.22447279 0.22447279 0.22447279 0.22447279 0.22447279 0.22447279 0.22447279 0.22447279 0.22447279 0.22447279 0.22447279 0.22447279 0.22447279 0.22447279 0.22447279 0.22447279 0.22447279 0.22447279 0.22447279 0.22447279 0.22447279 0.22447279 0.22447279 0.22447279 0.22447279 0.22447279 0.22447279 0.22447279 0.22447279 0.22447279 0.22447279 0.22447279 0.22447279 0.22447279 0.22447279 0.22447279 0.22447279 0.22447279 0.22447279 0.22447279 0.22447279 0.22447279 0.22447279 0.22447279 0.22447279 0.22447279 0.22447279 0.22447279 0.22447279 0.22447279 0.22447279 0.22447279 0.22447279 0.22447279 0.22447279 0.22447279 0.22447279 0.22447279 0.22447279 0.22447279 0.22447279 0.22447279 0.22447279 0.22447279 0.22447279 0.22447279 0.22447279 0.22447279 0.22447279 0.22447279 0.22447279 0.22447279 0.22447279 0.22447279 0.22447279 0.22447279 0.22447279 0.22447279 0.22447279 0.22447279 0.22447279 0.22447279 0.22447279 0.22447279 0.22447279 0.22447279 0.22447279 0.22447279 0.22447279 0.22447279 0.22447279 0.22447279 0.22447279 0.22447279 0.22447279 0.22447279 0.22447279 0.22447279 0.22447279 0.22447279 0.22447279 0.22447279 0.22447279 0.22447279 0.22447279 0.22447279 0.22447279 0.22447279 0.22447279 0.22447279 0.22447279 0.22447279 0.22447279 0.22447279 0.22447279 0.22447279 0.22447279 0.22447279 0.22447279 0.22447279 0.22447279 0.22447279 0.22447279 0.22447279 0.22447279 0.22447279 0.22447279 0.22447279 0.22447279 0.22447279 0.22447279 0.22447279 0.22447279 0.22447279 0.22447279 0.22447279 0.22447279 0.22447279 0.22447279 0.22447279 0.22447279 0.22447279 0.22447279 0.22447279 0.22447279 0.22447279 0.22447279 0.22447279 0.22447279 0.22447279 0.22447279 0.22447279 0.22447279 0.22447279 0.22447279 0.22447279 0.22447279 0.22447279 0.22447279 0.22447279 0.22447279 0.22447279 0.22447279 0.22447279 0.22447279 0.22447279 0.22447279 0.22447279 0.22447279 0.22447279 0.22447279 0.22447279 0.22447279 0.22447279 0.22447279 0.22447279 0.22447279 0.22447279 0.22447279 0.22447279 0.22447279 0.22447279 0.22447279 0.22447279 0.22447279 0.22447279 0.22447279 0.22447279 0.22447279 0.22447279 0.22447279 0.22447279 0.22447279 0.22447279 0.22447279 0.22447279 0.22447279 0.22447279 0.22447279 0.22447279 0.22447279 0.22447279 0.22447279 0.22447279 0.22447279 0.22447279 0.22447279 0.22447279 0.22447279 0.22447279 0.22447279 0.22447279 0.22447279 0.22447279 0.22447279 0.22447279 0.22447279 0.22447279 0.22447279 0.22447279 0.22447279 0.22447279 0.22447279 0.22447279 0.22447279 0.22447279 0.22447279 0.22447279 0.22447279 0.22447279 0.22447279 0.22447279 0.22447279 0.22447279 0.22447279,0.20717867 0.20717867 0.20717867 0.20717867 0.20717867 0.20717867 0.20717867 0.20717867 0.20717867 0.20717867 0.20717867 0.20717867 0.20717867 0.20717867 0.20717867 0.20717867 0.20717867 0.20717867 0.20717867 0.20717867 0.20717867 0.20717867 0.20717867 0.20717867 0.20717867 0.20717867 0.20717867 0.20717867 0.20717867 0.20717867 0.20717867 0.20717867 0.20717867 0.20717867 0.20717867 0.20717867 0.20717867 0.20717867 0.20717867 0.20717867 0.20717867 0.20717867 0.20717867 0.20717867 0.20717867 0.20717867 0.20717867 0.20717867 0.20717867 0.20717867 0.20717867 0.20717867 0.20717867 0.20717867 0.20717867 0.20717867 0.20717867 0.20717867 0.20717867 0.20717867 0.20717867 0.20717867 0.20717867 0.20717867 0.20717867 0.20717867 0.20717867 0.20717867 0.20717867 0.20717867 0.20717867 0.20717867 0.20717867 0.20717867 0.20717867 0.20717867 0.20717867 0.20717867 0.20717867 0.20717867 0.20717867 0.20717867 0.20717867 0.20717867 0.20717867 0.20717867 0.20717867 0.20717867 0.20717867 0.20717867 0.20717867 0.20717867 0.20717867 0.20717867 0.20717867 0.20717867 0.20717867 0.20717867 0.20717867 0.20717867 0.20717867 0.20717867 0.20717867 0.20717867 0.20717867 0.20717867 0.20717867 0.20717867 0.20717867 0.20717867 0.20717867 0.20717867 0.20717867 0.20717867 0.20717867 0.20717867 0.20717867 0.20717867 0.20717867 0.20717867 0.20717867 0.20717867 0.20717867 0.20717867 0.20717867 0.20717867 0.20717867 0.20717867 0.20717867 0.20717867 0.20717867 0.20717867 0.20717867 0.20717867 0.20717867 0.20717867 0.20717867 0.20717867 0.20717867 0.20717867 0.20717867 0.20717867 0.20717867 0.20717867 0.20717867 0.20717867 0.20717867 0.20717867 0.20717867 0.20717867 0.20717867 0.20717867 0.20717867 0.20717867 0.20717867 0.20717867 0.20717867 0.20717867 0.20717867 0.20717867 0.20717867 0.20717867 0.20717867 0.20717867 0.20717867 0.20717867 0.20717867 0.20717867 0.20717867 0.20717867 0.20717867 0.20717867 0.20717867 0.20717867 0.20717867 0.20717867 0.20717867 0.20717867 0.20717867 0.20717867 0.20717867 0.20717867 0.20717867 0.20717867 0.20717867 0.20717867 0.20717867 0.20717867 0.20717867 0.20717867 0.20717867 0.20717867 0.20717867 0.20717867 0.20717867 0.20717867 0.20717867 0.20717867 0.20717867 0.20717867 0.20717867 0.20717867 0.20717867 0.20717867 0.20717867 0.20717867 0.20717867 0.20717867 0.20717867 0.20717867 0.20717867 0.20717867 0.20717867 0.20717867 0.20717867 0.20717867 0.20717867 0.20717867 0.20717867 0.20717867 0.20717867 0.20717867 0.20717867 0.20717867 0.20717867 0.20717867 0.20717867 0.20717867 0.20717867 0.20717867 0.20717867 0.20717867 0.20717867 0.20717867 0.20717867 0.20717867 0.20717867 0.20717867 0.20717867 0.20717867 0.20717867 0.20717867 0.20717867 0.20717867 0.20717867 0.20717867 0.20717867 0.20717867 0.20717867 0.20717867 0.20717867 0.20717867 0.20717867 0.20717867 0.20717867 0.20717867,,0,0
86,8x60x80x256,0.20720395 0.20720395 0.20720395 0.20720395 0.20720395 0.20720395 0.20720395 0.20720395 0.20720395 0.20720395 0.20720395 0.20720395 0.20720395 0.20720395 0.20720395 0.20720395 0.20720395 0.20720395 0.20720395 0.20720395 0.20720395 0.20720395 0.20720395 0.20720395 0.20720395 0.20720395 0.20720395 0.20720395 0.20720395 0.20720395 0.20720395 0.20720395 0.20720395 0.20720395 0.20720395 0.20720395 0.20720395 0.20720395 0.20720395 0.20720395 0.20720395 0.20720395 0.20720395 0.20720395 0.20720395 0.20720395 0.20720395 0.20720395 0.20720395 0.20720395 0.20720395 0.20720395 0.20720395 0.20720395 0.20720395 0.20720395 0.20720395 0.20720395 0.20720395 0.20720395 0.20720395 0.20720395 0.20720395 0.20720395 0.20720395 0.20720395 0.20720395 0.20720395 0.20720395 0.20720395 0.20720395 0.20720395 0.20720395 0.20720395 0.20720395 0.20720395 0.20720395 0.20720395 0.20720395 0.20720395 0.20720395 0.20720395 0.20720395 0.20720395 0.20720395 0.20720395 0.20720395 0.20720395 0.20720395 0.20720395 0.20720395 0.20720395 0.20720395 0.20720395 0.20720395 0.20720395 0.20720395 0.20720395 0.20720395 0.20720395 0.20720395 0.20720395 0.20720395 0.20720395 0.20720395 0.20720395 0.20720395 0.20720395 0.20720395 0.20720395 0.20720395 0.20720395 0.20720395 0.20720395 0.20720395 0.20720395 0.20720395 0.20720395 0.20720395 0.20720395 0.20720395 0.20720395 0.20720395 0.20720395 0.20720395 0.20720395 0.20720395 0.20720395 0.20720395 0.20720395 0.20720395 0.20720395 0.20720395 0.20720395 0.20720395 0.20720395 0.20720395 0.20720395 0.20720395 0.20720395 0.20720395 0.20720395 0.20720395 0.20720395 0.20720395 0.20720395 0.20720395 0.20720395 0.20720395 0.20720395 0.20720395 0.20720395 0.20720395 0.20720395 0.20720395 0.20720395 0.20720395 0.20720395 0.20720395 0.20720395 0.20720395 0.20720395 0.20720395 0.20720395 0.20720395 0.20720395 0.20720395 0.20720395 0.20720395 0.20720395 0.20720395 0.20720395 0.20720395 0.20720395 0.20720395 0.20720395 0.20720395 0.20720395 0.20720395 0.20720395 0.20720395 0.20720395 0.20720395 0.20720395 0.20720395 0.20720395 0.20720395 0.20720395 0.20720395 0.20720395 0.20720395 0.20720395 0.20720395 0.20720395 0.20720395 0.20720395 0.20720395 0.20720395 0.20720395 0.20720395 0.20720395 0.20720395 0.20720395 0.20720395 0.20720395 0.20720395 0.20720395 0.20720395 0.20720395 0.20720395 0.20720395 0.20720395 0.20720395 0.20720395 0.20720395 0.20720395 0.20720395 0.20720395 0.20720395 0.20720395 0.20720395 0.20720395 0.20720395 0.20720395 0.20720395 0.20720395 0.20720395 0.20720395 0.20720395 0.20720395 0.20720395 0.20720395 0.20720395 0.20720395 0.20720395 0.20720395 0.20720395 0.20720395 0.20720395 0.20720395 0.20720395 0.20720395 0.20720395 0.20720395 0.20720395 0.20720395 0.20720395 0.20720395 0.20720395 0.20720395 0.20720395 0.20720395 0.20720395 0.20720395 0.20720395 0.20720395,0.20717867 0.20717867 0.20717867 0.20717867 0.20717867 0.20717867 0.20717867 0.20717867 0.20717867 0.20717867 0.20717867 0.20717867 0.20717867 0.20717867 0.20717867 0.20717867 0.20717867 0.20717867 0.20717867 0.20717867 0.20717867 0.20717867 0.20717867 0.20717867 0.20717867 0.20717867 0.20717867 0.20717867 0.20717867 0.20717867 0.20717867 0.20717867 0.20717867 0.20717867 0.20717867 0.20717867 0.20717867 0.20717867 0.20717867 0.20717867 0.20717867 0.20717867 0.20717867 0.20717867 0.20717867 0.20717867 0.20717867 0.20717867 0.20717867 0.20717867 0.20717867 0.20717867 0.20717867 0.20717867 0.20717867 0.20717867 0.20717867 0.20717867 0.20717867 0.20717867 0.20717867 0.20717867 0.20717867 0.20717867 0.20717867 0.20717867 0.20717867 0.20717867 0.20717867 0.20717867 0.20717867 0.20717867 0.20717867 0.20717867 0.20717867 0.20717867 0.20717867 0.20717867 0.20717867 0.20717867 0.20717867 0.20717867 0.20717867 0.20717867 0.20717867 0.20717867 0.20717867 0.20717867 0.20717867 0.20717867 0.20717867 0.20717867 0.20717867 0.20717867 0.20717867 0.20717867 0.20717867 0.20717867 0.20717867 0.20717867 0.20717867 0.20717867 0.20717867 0.20717867 0.20717867 0.20717867 0.20717867 0.20717867 0.20717867 0.20717867 0.20717867 0.20717867 0.20717867 0.20717867 0.20717867 0.20717867 0.20717867 0.20717867 0.20717867 0.20717867 0.20717867 0.20717867 0.20717867 0.20717867 0.20717867 0.20717867 0.20717867 0.20717867 0.20717867 0.20717867 0.20717867 0.20717867 0.20717867 0.20717867 0.20717867 0.20717867 0.20717867 0.20717867 0.20717867 0.20717867 0.20717867 0.20717867 0.20717867 0.20717867 0.20717867 0.20717867 0.20717867 0.20717867 0.20717867 0.20717867 0.20717867 0.20717867 0.20717867 0.20717867 0.20717867 0.20717867 0.20717867 0.20717867 0.20717867 0.20717867 0.20717867 0.20717867 0.20717867 0.20717867 0.20717867 0.20717867 0.20717867 0.20717867 0.20717867 0.20717867 0.20717867 0.20717867 0.20717867 0.20717867 0.20717867 0.20717867 0.20717867 0.20717867 0.20717867 0.20717867 0.20717867 0.20717867 0.20717867 0.20717867 0.20717867 0.20717867 0.20717867 0.20717867 0.20717867 0.20717867 0.20717867 0.20717867 0.20717867 0.20717867 0.20717867 0.20717867 0.20717867 0.20717867 0.20717867 0.20717867 0.20717867 0.20717867 0.20717867 0.20717867 0.20717867 0.20717867 0.20717867 0.20717867 0.20717867 0.20717867 0.20717867 0.20717867 0.20717867 0.20717867 0.20717867 0.20717867 0.20717867 0.20717867 0.20717867 0.20717867 0.20717867 0.20717867 0.20717867 0.20717867 0.20717867 0.20717867 0.20717867 0.20717867 0.20717867 0.20717867 0.20717867 0.20717867 0.20717867 0.20717867 0.20717867 0.20717867 0.20717867 0.20717867 0.20717867 0.20717867 0.20717867 0.20717867 0.20717867 0.20717867 0.20717867 0.20717867 0.20717867 0.20717867 0.20717867 0.20717867 0.20717867 0.20717867 0.20717867 0.20717867 0.20717867 0.20717867,,0,0
90,8x60x80x256,0.14868793 0.14868793 0.14868793 0.14868793 0.14868793 0.14868793 0.14868793 0.14868793 0.14868793 0.14868793 0.14868793 0.14868793 0.14868793 0.14868793 0.14868793 0.14868793 0.14868793 0.14868793 0.14868793 0.14868793 0.14868793 0.14868793 0.14868793 0.14868793 0.14868793 0.14868793 0.14868793 0.14868793 0.14868793 0.14868793 0.14868793 0.14868793 0.14868793 0.14868793 0.14868793 0.14868793 0.14868793 0.14868793 0.14868793 0.14868793 0.14868793 0.14868793 0.14868793 0.14868793 0.14868793 0.14868793 0.14868793 0.14868793 0.14868793 0.14868793 0.14868793 0.14868793 0.14868793 0.14868793 0.14868793 0.14868793 0.14868793 0.14868793 0.14868793 0.14868793 0.14868793 0.14868793 0.14868793 0.14868793 0.14868793 0.14868793 0.14868793 0.14868793 0.14868793 0.14868793 0.14868793 0.14868793 0.14868793 0.14868793 0.14868793 0.14868793 0.14868793 0.14868793 0.14868793 0.14868793 0.14868793 0.14868793 0.14868793 0.14868793 0.14868793 0.14868793 0.14868793 0.14868793 0.14868793 0.14868793 0.14868793 0.14868793 0.14868793 0.14868793 0.14868793 0.14868793 0.14868793 0.14868793 0.14868793 0.14868793 0.14868793 0.14868793 0.14868793 0.14868793 0.14868793 0.14868793 0.14868793 0.14868793 0.14868793 0.14868793 0.14868793 0.14868793 0.14868793 0.14868793 0.14868793 0.14868793 0.14868793 0.14868793 0.14868793 0.14868793 0.14868793 0.14868793 0.14868793 0.14868793 0.14868793 0.14868793 0.14868793 0.14868793 0.14868793 0.14868793 0.14868793 0.14868793 0.14868793 0.14868793 0.14868793 0.14868793 0.14868793 0.14868793 0.14868793 0.14868793 0.14868793 0.14868793 0.14868793 0.14868793 0.14868793 0.14868793 0.14868793 0.14868793 0.14868793 0.14868793 0.14868793 0.14868793 0.14868793 0.14868793 0.14868793 0.14868793 0.14868793 0.14868793 0.14868793 0.14868793 0.14868793 0.14868793 0.14868793 0.14868793 0.14868793 0.14868793 0.14868793 0.14868793 0.14868793 0.14868793 0.14868793 0.14868793 0.14868793 0.14868793 0.14868793 0.14868793 0.14868793 0.14868793 0.14868793 0.14868793 0.14868793 0.14868793 0.14868793 0.14868793 0.14868793 0.14868793 0.14868793 0.14868793 0.14868793 0.14868793 0.14868793 0.14868793 0.14868793 0.14868793 0.14868793 0.14868793 0.14868793 0.14868793 0.14868793 0.14868793 0.14868793 0.14868793 0.14868793 0.14868793 0.14868793 0.14868793 0.14868793 0.14868793 0.14868793 0.14868793 0.14868793 0.14868793 0.14868793 0.14868793 0.14868793 0.14868793 0.14868793 0.14868793 0.14868793 0.14868793 0.14868793 0.14868793 0.14868793 0.14868793 0.14868793 0.14868793 0.14868793 0.14868793 0.14868793 0.14868793 0.14868793 0.14868793 0.14868793 0.14868793 0.14868793 0.14868793 0.14868793 0.14868793 0.14868793 0.14868793 0.14868793 0.14868793 0.14868793 0.14868793 0.14868793 0.14868793 0.14868793 0.14868793 0.14868793 0.14868793 0.14868793 0.14868793 0.14868793 0.14868793 0.14868793 0.14868793,0.14866978 0.14866978 0.14866978 0.14866978 0.14866978 0.14866978 0.14866978 0.14866978 0.14866978 0.14866978 0.14866978 0.14866978 0.14866978 0.14866978 0.14866978 0.14866978 0.14866978 0.14866978 0.14866978 0.14866978 0.14866978 0.14866978 0.14866978 0.14866978 0.14866978 0.14866978 0.14866978 0.14866978 0.14866978 0.14866978 0.14866978 0.14866978 0.14866978 0.14866978 0.14866978 0.14866978 0.14866978 0.14866978 0.14866978 0.14866978 0.14866978 0.14866978 0.14866978 0.14866978 0.14866978 0.14866978 0.14866978 0.14866978 0.14866978 0.14866978 0.14866978 0.14866978 0.14866978 0.14866978 0.14866978 0.14866978 0.14866978 0.14866978 0.14866978 0.14866978 0.14866978 0.14866978 0.14866978 0.14866978 0.14866978 0.14866978 0.14866978 0.14866978 0.14866978 0.14866978 0.14866978 0.14866978 0.14866978 0.14866978 0.14866978 0.14866978 0.14866978 0.14866978 0.14866978 0.14866978 0.14866978 0.14866978 0.14866978 0.14866978 0.14866978 0.14866978 0.14866978 0.14866978 0.14866978 0.14866978 0.14866978 0.14866978 0.14866978 0.14866978 0.14866978 0.14866978 0.14866978 0.14866978 0.14866978 0.14866978 0.14866978 0.14866978 0.14866978 0.14866978 0.14866978 0.14866978 0.14866978 0.14866978 0.14866978 0.14866978 0.14866978 0.14866978 0.14866978 0.14866978 0.14866978 0.14866978 0.14866978 0.14866978 0.14866978 0.14866978 0.14866978 0.14866978 0.14866978 0.14866978 0.14866978 0.14866978 0.14866978 0.14866978 0.14866978 0.14866978 0.14866978 0.14866978 0.14866978 0.14866978 0.14866978 0.14866978 0.14866978 0.14866978 0.14866978 0.14866978 0.14866978 0.14866978 0.14866978 0.14866978 0.14866978 0.14866978 0.14866978 0.14866978 0.14866978 0.14866978 0.14866978 0.14866978 0.14866978 0.14866978 0.14866978 0.14866978 0.14866978 0.14866978 0.14866978 0.14866978 0.14866978 0.14866978 0.14866978 0.14866978 0.14866978 0.14866978 0.14866978 0.14866978 0.14866978 0.14866978 0.14866978 0.14866978 0.14866978 0.14866978 0.14866978 0.14866978 0.14866978 0.14866978 0.14866978 0.14866978 0.14866978 0.14866978 0.14866978 0.14866978 0.14866978 0.14866978 0.14866978 0.14866978 0.14866978 0.14866978 0.14866978 0.14866978 0.14866978 0.14866978 0.14866978 0.14866978 0.14866978 0.14866978 0.14866978 0.14866978 0.14866978 0.14866978 0.14866978 0.14866978 0.14866978 0.14866978 0.14866978 0.14866978 0.14866978 0.14866978 0.14866978 0.14866978 0.14866978 0.14866978 0.14866978 0.14866978 0.14866978 0.14866978 0.14866978 0.14866978 0.14866978 0.14866978 0.14866978 0.14866978 0.14866978 0.14866978 0.14866978 0.14866978 0.14866978 0.14866978 0.14866978 0.14866978 0.14866978 0.14866978 0.14866978 0.14866978 0.14866978 0.14866978 0.14866978 0.14866978 0.14866978 0.14866978 0.14866978 0.14866978 0.14866978 0.14866978 0.14866978 0.14866978 0.14866978 0.14866978 0.14866978 0.14866978 0.14866978 0.14866978 0.14866978 0.14866978,,0,0
94,38400x65,0.144017 0.144017 0.144017 0.144017 0.144017 0.144017 0.144017 0.144017 0.144017 0.144017 0.144017 0.144017 0.144017 0.144017 0.144017 0.144017 0.144017 0.144017 0.144017 0.144017 0.144017 0.144017 0.144017 0.144017 0.144017 0.144017 0.144017 0.144017 0.144017 0.144017 0.144017 0.144017 0.144017 0.144017 0.144017 0.144017 0.144017 0.144017 0.144017 0.144017 0.144017 0.144017 0.144017 0.144017 0.144017 0.144017 0.144017 0.144017 0.144017 0.144017 0.144017 0.144017 0.144017 0.144017 0.144017 0.144017 0.144017 0.144017 0.144017 0.144017 0.144017 0.144017 0.144017 0.144017 0.144017,0.14399941 0.14399941 0.14399941 0.14399941 0.14399941 0.14399941 0.14399941 0.14399941 0.14399941 0.14399941 0.14399941 0.14399941 0.14399941 0.14399941 0.14399941 0.14399941 0.14399941 0.14399941 0.14399941 0.14399941 0.14399941 0.14399941 0.14399941 0.14399941 0.14399941 0.14399941 0.14399941 0.14399941 0.14399941 0.14399941 0.14399941 0.14399941 0.14399941 0.14399941 0.14399941 0.14399941 0.14399941 0.14399941 0.14399941 0.14399941 0.14399941 0.14399941 0.14399941 0.14399941 0.14399941 0.14399941 0.14399941 0.14399941 0.14399941 0.14399941 0.14399941 0.14399941 0.14399941 0.14399941 0.14399941 0.14399941 0.14399941 0.14399941 0.14399941 0.14399941 0.14399941 0.14399941 0.14399941 0.14399941 0.14399941,,0,0
96,8x80x60x65,0.017642537 0.017642537 0.017642537 0.017642537 0.017642537 0.017642537 0.017642537 0.017642537 0.017642537 0.017642537 0.017642537 0.017642537 0.017642537 0.017642537 0.017642537 0.017642537 0.017642537 0.017642537 0.017642537 0.017642537 0.017642537 0.017642537 0.017642537 0.017642537 0.017642537 0.017642537 0.017642537 0.017642537 0.017642537 0.017642537 0.017642537 0.017642537 0.017642537 0.017642537 0.017642537 0.017642537 0.017642537 0.017642537 0.017642537 0.017642537 0.017642537 0.017642537 0.017642537 0.017642537 0.017642537 0.017642537 0.017642537 0.017642537 0.017642537 0.017642537 0.017642537 0.017642537 0.017642537 0.017642537 0.017642537 0.017642537 0.017642537 0.017642537 0.017642537 0.017642537 0.017642537 0.017642537 0.017642537 0.017642537 0.017642537,0.017640384 0.017640384 0.017640384 0.017640384 0.017640384 0.017640384 0.017640384 0.017640384 0.017640384 0.017640384 0.017640384 0.017640384 0.017640384 0.017640384 0.017640384 0.017640384 0.017640384 0.017640384 0.017640384 0.017640384 0.017640384 0.017640384 0.017640384 0.017640384 0.017640384 0.017640384 0.017640384 0.017640384 0.017640384 0.017640384 0.017640384 0.017640384 0.017640384 0.017640384 0.017640384 0.017640384 0.017640384 0.017640384 0.017640384 0.017640384 0.017640384 0.017640384 0.017640384 0.017640384 0.017640384 0.017640384 0.017640384 0.017640384 0.017640384 0.017640384 0.017640384 0.017640384 0.017640384 0.017640384 0.017640384 0.017640384 0.017640384 0.017640384 0.017640384 0.017640384 0.017640384 0.017640384 0.017640384 0.017640384 0.017640384,,0,0
104,8x60x80x65,0.017642537 0.017642537 0.017642537 0.017642537 0.017642537 0.017642537 0.017642537 0.017642537 0.017642537 0.017642537 0.017642537 0.017642537 0.017642537 0.017642537 0.017642537 0.017642537 0.017642537 0.017642537 0.017642537 0.017642537 0.017642537 0.017642537 0.017642537 0.017642537 0.017642537 0.017642537 0.017642537 0.017642537 0.017642537 0.017642537 0.017642537 0.017642537 0.017642537 0.017642537 0.017642537 0.017642537 0.017642537 0.017642537 0.017642537 0.017642537 0.017642537 0.017642537 0.017642537 0.017642537 0.017642537 0.017642537 0.017642537 0.017642537 0.017642537 0.017642537 0.017642537 0.017642537 0.017642537 0.017642537 0.017642537 0.017642537 0.017642537 0.017642537 0.017642537 0.017642537 0.017642537 0.017642537 0.017642537 0.017642537 0.017642537,0.017640384 0.017640384 0.017640384 0.017640384 0.017640384 0.017640384 0.017640384 0.017640384 0.017640384 0.017640384 0.017640384 0.017640384 0.017640384 0.017640384 0.017640384 0.017640384 0.017640384 0.017640384 0.017640384 0.017640384 0.017640384 0.017640384 0.017640384 0.017640384 0.017640384 0.017640384 0.017640384 0.017640384 0.017640384 0.017640384 0.017640384 0.017640384 0.017640384 0.017640384 0.017640384 0.017640384 0.017640384 0.017640384 0.017640384 0.017640384 0.017640384 0.017640384 0.017640384 0.017640384 0.017640384 0.017640384 0.017640384 0.017640384 0.017640384 0.017640384 0.017640384 0.017640384 0.017640384 0.017640384 0.017640384 0.017640384 0.017640384 0.017640384 0.017640384 0.017640384 0.017640384 0.017640384 0.017640384 0.017640384 0.017640384,,0,0
106,8x60x65x80,0.017642537 0.017642537 0.017642537 0.017642537 0.017642537 0.017642537 0.017642537 0.017642537 0.017642537 0.017642537 0.017642537 0.017642537 0.017642537 0.017642537 0.017642537 0.017642537 0.017642537 0.017642537 0.017642537 0.017642537 0.017642537 0.017642537 0.017642537 0.017642537 0.017642537 0.017642537 0.017642537 0.017642537 0.017642537 0.017642537 0.017642537 0.017642537 0.017642537 0.017642537 0.017642537 0.017642537 0.017642537 0.017642537 0.017642537 0.017642537 0.017642537 0.017642537 0.017642537 0.017642537 0.017642537 0.017642537 0.017642537 0.017642537 0.017642537 0.017642537 0.017642537 0.017642537 0.017642537 0.017642537 0.017642537 0.017642537 0.017642537 0.017642537 0.017642537 0.017642537 0.017642537 0.017642537 0.017642537 0.017642537 0.017642537 0.017642537 0.017642537 0.017642537 0.017642537 0.017642537 0.017642537 0.017642537 0.017642537 0.017642537 0.017642537 0.017642537 0.017642537 0.017642537 0.017642537 0.017642537,0.017640384 0.017640384 0.017640384 0.017640384 0.017640384 0.017640384 0.017640384 0.017640384 0.017640384 0.017640384 0.017640384 0.017640384 0.017640384 0.017640384 0.017640384 0.017640384 0.017640384 0.017640384 0.017640384 0.017640384 0.017640384 0.017640384 0.017640384 0.017640384 0.017640384 0.017640384 0.017640384 0.017640384 0.017640384 0.017640384 0.017640384 0.017640384 0.017640384 0.017640384 0.017640384 0.017640384 0.017640384 0.017640384 0.017640384 0.017640384 0.017640384 0.017640384 0.017640384 0.017640384 0.017640384 0.017640384 0.017640384 0.017640384 0.017640384 0.017640384 0.017640384 0.017640384 0.017640384 0.017640384 0.017640384 0.017640384 0.017640384 0.017640384 0.017640384 0.017640384 0.017640384 0.017640384 0.017640384 0.017640384 0.017640384 0.017640384 0.017640384 0.017640384 0.017640384 0.017640384 0.017640384 0.017640384 0.017640384 0.017640384 0.017640384 0.017640384 0.017640384 0.017640384 0.017640384 0.017640384,,0,0
108,8x65x60x80,0.017642537 0.017642537 0.017642537 0.017642537 0.017642537 0.017642537 0.017642537 0.017642537 0.017642537 0.017642537 0.017642537 0.017642537 0.017642537 0.017642537 0.017642537 0.017642537 0.017642537 0.017642537 0.017642537 0.017642537 0.017642537 0.017642537 0.017642537 0.017642537 0.017642537 0.017642537 0.017642537 0.017642537 0.017642537 0.017642537 0.017642537 0.017642537 0.017642537 0.017642537 0.017642537 0.017642537 0.017642537 0.017642537 0.017642537 0.017642537 0.017642537 0.017642537 0.017642537 0.017642537 0.017642537 0.017642537 0.017642537 0.017642537 0.017642537 0.017642537 0.017642537 0.017642537 0.017642537 0.017642537 0.017642537 0.017642537 0.017642537 0.017642537 0.017642537 0.017642537 0.017642537 0.017642537 0.017642537 0.017642537 0.017642537 0.017642537 0.017642537 0.017642537 0.017642537 0.017642537 0.017642537 0.017642537 0.017642537 0.017642537 0.017642537 0.017642537 0.017642537 0.017642537 0.017642537 0.017642537,0.017640384 0.017640384 0.017640384 0.017640384 0.017640384 0.017640384 0.017640384 0.017640384 0.017640384 0.017640384 0.017640384 0.017640384 0.017640384 0.017640384 0.017640384 0.017640384 0.017640384 0.017640384 0.017640384 0.017640384 0.017640384 0.017640384 0.017640384 0.017640384 0.017640384 0.017640384 0.017640384 0.017640384 0.017640384 0.017640384 0.017640384 0.017640384 0.017640384 0.017640384 0.017640384 0.017640384 0.017640384 0.017640384 0.017640384 0.017640384 0.017640384 0.017640384 0.017640384 0.017640384 0.017640384 0.017640384 0.017640384 0.017640384 0.017640384 0.017640384 0.017640384 0.017640384 0.017640384 0.017640384 0.017640384 0.017640384 0.017640384 0.017640384 0.017640384 0.017640384 0.017640384 0.017640384 0.017640384 0.017640384 0.017640384 0.017640384 0.017640384 0.017640384 0.017640384 0.017640384 0.017640384 0.017640384 0.017640384 0.017640384 0.017640384 0.017640384 0.017640384 0.017640384 0.017640384 0.017640384,,0,0
128,1x480x640x1,255,254.96889,,0,0
130,1x480x640x1,255,254.96889,,0,0
132,1x65x60x80,0.017642537 0.017642537 0.017642537 0.017642537 0.017642537 0.017642537 0.017642537 0.017642537 0.017642537 0.017642537 0.017642537 0.017642537 0.017642537 0.017642537 0.017642537 0.017642537 0.017642537 0.017642537 0.017642537 0.017642537 0.017642537 0.017642537 0.017642537 0.017642537 0.017642537 0.017642537 0.017642537 0.017642537 0.017642537 0.017642537 0.017642537 0.017642537 0.017642537 0.017642537 0.017642537 0.017642537 0.017642537 0.017642537 0.017642537 0.017642537 0.017642537 0.017642537 0.017642537 0.017642537 0.017642537 0.017642537 0.017642537 0.017642537 0.017642537 0.017642537 0.017642537 0.017642537 0.017642537 0.017642537 0.017642537 0.017642537 0.017642537 0.017642537 0.017642537 0.017642537 0.017642537 0.017642537 0.017642537 0.017642537 0.017642537 0.017642537 0.017642537 0.017642537 0.017642537 0.017642537 0.017642537 0.017642537 0.017642537 0.017642537 0.017642537 0.017642537 0.017642537 0.017642537 0.017642537 0.017642537,0.017640384 0.017640384 0.017640384 0.017640384 0.017640384 0.017640384 0.017640384 0.017640384 0.017640384 0.017640384 0.017640384 0.017640384 0.017640384 0.017640384 0.017640384 0.017640384 0.017640384 0.017640384 0.017640384 0.017640384 0.017640384 0.017640384 0.017640384 0.017640384 0.017640384 0.017640384 0.017640384 0.017640384 0.017640384 0.017640384 0.017640384 0.017640384 0.017640384 0.017640384 0.017640384 0.017640384 0.017640384 0.017640384 0.017640384 0.017640384 0.017640384 0.017640384 0.017640384 0.017640384 0.017640384 0.017640384 0.017640384 0.017640384 0.017640384 0.017640384 0.017640384 0.017640384 0.017640384 0.017640384 0.017640384 0.017640384 0.017640384 0.017640384 0.017640384 0.017640384 0.017640384 0.017640384 0.017640384 0.017640384 0.017640384 0.017640384 0.017640384 0.017640384 0.017640384 0.017640384 0.017640384 0.017640384 0.017640384 0.017640384 0.017640384 0.017640384 0.017640384 0.017640384 0.017640384 0.017640384,,0,0
134,1x65x60x80,0.017642537 0.017642537 0.017642537 0.017642537 0.017642537 0.017642537 0.017642537 0.017642537 0.017642537 0.017642537 0.017642537 0.017642537 0.017642537 0.017642537 0.017642537 0.017642537 0.017642537 0.017642537 0.017642537 0.017642537 0.017642537 0.017642537 0.017642537 0.017642537 0.017642537 0.017642537 0.017642537 0.017642537 0.017642537 0.017642537 0.017642537 0.017642537 0.017642537 0.017642537 0.017642537 0.017642537 0.017642537 0.017642537 0.017642537 0.017642537 0.017642537 0.017642537 0.017642537 0.017642537 0.017642537 0.017642537 0.017642537 0.017642537 0.017642537 0.017642537 0.017642537 0.017642537 0.017642537 0.017642537 0.017642537 0.017642537 0.017642537 0.017642537 0.017642537 0.017642537 0.017642537 0.017642537 0.017642537 0.017642537 0.017642537 0.017642537 0.017642537 0.017642537 0.017642537 0.017642537 0.017642537 0.017642537 0.017642537 0.017642537 0.017642537 0.017642537 0.017642537 0.017642537 0.017642537 0.017642537,0.017640384 0.017640384 0.017640384 0.017640384 0.017640384 0.017640384 0.017640384 0.017640384 0.017640384 0.017640384 0.017640384 0.017640384 0.017640384 0.017640384 0.017640384 0.017640384 0.017640384 0.017640384 0.017640384 0.017640384 0.017640384 0.017640384 0.017640384 0.017640384 0.017640384 0.017640384 0.017640384 0.017640384 0.017640384 0.017640384 0.017640384 0.017640384 0.017640384 0.017640384 0.017640384 0.017640384 0.017640384 0.017640384 0.017640384 0.017640384 0.017640384 0.017640384 0.017640384 0.017640384 0.017640384 0.017640384 0.017640384 0.017640384 0.017640384 0.017640384 0.017640384 0.017640384 0.017640384 0.017640384 0.017640384 0.017640384 0.017640384 0.017640384 0.017640384 0.017640384 0.017640384 0.017640384 0.017640384 0.017640384 0.017640384 0.017640384 0.017640384 0.017640384 0.017640384 0.017640384 0.017640384 0.017640384 0.017640384 0.017640384 0.017640384 0.017640384 0.017640384 0.017640384 0.017640384 0.017640384,,0,0
136,1x60x80x256,0.14868793 0.14868793 0.14868793 0.14868793 0.14868793 0.14868793 0.14868793 0.14868793 0.14868793 0.14868793 0.14868793 0.14868793 0.14868793 0.14868793 0.14868793 0.14868793 0.14868793 0.14868793 0.14868793 0.14868793 0.14868793 0.14868793 0.14868793 0.14868793 0.14868793 0.14868793 0.14868793 0.14868793 0.14868793 0.14868793 0.14868793 0.14868793 0.14868793 0.14868793 0.14868793 0.14868793 0.14868793 0.14868793 0.14868793 0.14868793 0.14868793 0.14868793 0.14868793 0.14868793 0.14868793 0.14868793 0.14868793 0.14868793 0.14868793 0.14868793 0.14868793 0.14868793 0.14868793 0.14868793 0.14868793 0.14868793 0.14868793 0.14868793 0.14868793 0.14868793 0.14868793 0.14868793 0.14868793 0.14868793 0.14868793 0.14868793 0.14868793 0.14868793 0.14868793 0.14868793 0.14868793 0.14868793 0.14868793 0.14868793 0.14868793 0.14868793 0.14868793 0.14868793 0.14868793 0.14868793 0.14868793 0.14868793 0.14868793 0.14868793 0.14868793 0.14868793 0.14868793 0.14868793 0.14868793 0.14868793 0.14868793 0.14868793 0.14868793 0.14868793 0.14868793 0.14868793 0.14868793 0.14868793 0.14868793 0.14868793 0.14868793 0.14868793 0.14868793 0.14868793 0.14868793 0.14868793 0.14868793 0.14868793 0.14868793 0.14868793 0.14868793 0.14868793 0.14868793 0.14868793 0.14868793 0.14868793 0.14868793 0.14868793 0.14868793 0.14868793 0.14868793 0.14868793 0.14868793 0.14868793 0.14868793 0.14868793 0.14868793 0.14868793 0.14868793 0.14868793 0.14868793 0.14868793 0.14868793 0.14868793 0.14868793 0.14868793 0.14868793 0.14868793 0.14868793 0.14868793 0.14868793 0.14868793 0.14868793 0.14868793 0.14868793 0.14868793 0.14868793 0.14868793 0.14868793 0.14868793 0.14868793 0.14868793 0.14868793 0.14868793 0.14868793 0.14868793 0.14868793 0.14868793 0.14868793 0.14868793 0.14868793 0.14868793 0.14868793 0.14868793 0.14868793 0.14868793 0.14868793 0.14868793 0.14868793 0.14868793 0.14868793 0.14868793 0.14868793 0.14868793 0.14868793 0.14868793 0.14868793 0.14868793 0.14868793 0.14868793 0.14868793 0.14868793 0.14868793 0.14868793 0.14868793 0.14868793 0.14868793 0.14868793 0.14868793 0.14868793 0.14868793 0.14868793 0.14868793 0.14868793 0.14868793 0.14868793 0.14868793 0.14868793 0.14868793 0.14868793 0.14868793 0.14868793 0.14868793 0.14868793 0.14868793 0.14868793 0.14868793 0.14868793 0.14868793 0.14868793 0.14868793 0.14868793 0.14868793 0.14868793 0.14868793 0.14868793 0.14868793 0.14868793 0.14868793 0.14868793 0.14868793 0.14868793 0.14868793 0.14868793 0.14868793 0.14868793 0.14868793 0.14868793 0.14868793 0.14868793 0.14868793 0.14868793 0.14868793 0.14868793 0.14868793 0.14868793 0.14868793 0.14868793 0.14868793 0.14868793 0.14868793 0.14868793 0.14868793 0.14868793 0.14868793 0.14868793 0.14868793 0.14868793 0.14868793 0.14868793 0.14868793 0.14868793 0.14868793 0.14868793 0.14868793 0.14868793,0.14866978 0.14866978 0.14866978 0.14866978 0.14866978 0.14866978 0.14866978 0.14866978 0.14866978 0.14866978 0.14866978 0.14866978 0.14866978 0.14866978 0.14866978 0.14866978 0.14866978 0.14866978 0.14866978 0.14866978 0.14866978 0.14866978 0.14866978 0.14866978 0.14866978 0.14866978 0.14866978 0.14866978 0.14866978 0.14866978 0.14866978 0.14866978 0.14866978 0.14866978 0.14866978 0.14866978 0.14866978 0.14866978 0.14866978 0.14866978 0.14866978 0.14866978 0.14866978 0.14866978 0.14866978 0.14866978 0.14866978 0.14866978 0.14866978 0.14866978 0.14866978 0.14866978 0.14866978 0.14866978 0.14866978 0.14866978 0.14866978 0.14866978 0.14866978 0.14866978 0.14866978 0.14866978 0.14866978 0.14866978 0.14866978 0.14866978 0.14866978 0.14866978 0.14866978 0.14866978 0.14866978 0.14866978 0.14866978 0.14866978 0.14866978 0.14866978 0.14866978 0.14866978 0.14866978 0.14866978 0.14866978 0.14866978 0.14866978 0.14866978 0.14866978 0.14866978 0.14866978 0.14866978 0.14866978 0.14866978 0.14866978 0.14866978 0.14866978 0.14866978 0.14866978 0.14866978 0.14866978 0.14866978 0.14866978 0.14866978 0.14866978 0.14866978 0.14866978 0.14866978 0.14866978 0.14866978 0.14866978 0.14866978 0.14866978 0.14866978 0.14866978 0.14866978 0.14866978 0.14866978 0.14866978 0.14866978 0.14866978 0.14866978 0.14866978 0.14866978 0.14866978 0.14866978 0.14866978 0.14866978 0.14866978 0.14866978 0.14866978 0.14866978 0.14866978 0.14866978 0.14866978 0.14866978 0.14866978 0.14866978 0.14866978 0.14866978 0.14866978 0.14866978 0.14866978 0.14866978 0.14866978 0.14866978 0.14866978 0.14866978 0.14866978 0.14866978 0.14866978 0.14866978 0.14866978 0.14866978 0.14866978 0.14866978 0.14866978 0.14866978 0.14866978 0.14866978 0.14866978 0.14866978 0.14866978 0.14866978 0.14866978 0.14866978 0.14866978 0.14866978 0.14866978 0.14866978 0.14866978 0.14866978 0.14866978 0.14866978 0.14866978 0.14866978 0.14866978 0.14866978 0.14866978 0.14866978 0.14866978 0.14866978 0.14866978 0.14866978 0.14866978 0.14866978 0.14866978 0.14866978 0.14866978 0.14866978 0.14866978 0.14866978 0.14866978 0.14866978 0.14866978 0.14866978 0.14866978 0.14866978 0.14866978 0.14866978 0.14866978 0.14866978 0.14866978 0.14866978 0.14866978 0.14866978 0.14866978 0.14866978 0.14866978 0.14866978 0.14866978 0.14866978 0.14866978 0.14866978 0.14866978 0.14866978 0.14866978 0.14866978 0.14866978 0.14866978 0.14866978 0.14866978 0.14866978 0.14866978 0.14866978 0.14866978 0.14866978 0.14866978 0.14866978 0.14866978 0.14866978 0.14866978 0.14866978 0.14866978 0.14866978 0.14866978 0.14866978 0.14866978 0.14866978 0.14866978 0.14866978 0.14866978 0.14866978 0.14866978 0.14866978 0.14866978 0.14866978 0.14866978 0.14866978 0.14866978 0.14866978 0.14866978 0.14866978 0.14866978 0.14866978 0.14866978 0.14866978 0.14866978 0.14866978 0.14866978,,0,0
138,1x60x80x256,0.14868793 0.14868793 0.14868793 0.14868793 0.14868793 0.14868793 0.14868793 0.14868793 0.14868793 0.14868793 0.14868793 0.14868793 0.14868793 0.14868793 0.14868793 0.14868793 0.14868793 0.14868793 0.14868793 0.14868793 0.14868793 0.14868793 0.14868793 0.14868793 0.14868793 0.14868793 0.14868793 0.14868793 0.14868793 0.14868793 0.14868793 0.14868793 0.14868793 0.14868793 0.14868793 0.14868793 0.14868793 0.14868793 0.14868793 0.14868793 0.14868793 0.14868793 0.14868793 0.14868793 0.14868793 0.14868793 0.14868793 0.14868793 0.14868793 0.14868793 0.14868793 0.14868793 0.14868793 0.14868793 0.14868793 0.14868793 0.14868793 0.14868793 0.14868793 0.14868793 0.14868793 0.14868793 0.14868793 0.14868793 0.14868793 0.14868793 0.14868793 0.14868793 0.14868793 0.14868793 0.14868793 0.14868793 0.14868793 0.14868793 0.14868793 0.14868793 0.14868793 0.14868793 0.14868793 0.14868793 0.14868793 0.14868793 0.14868793 0.14868793 0.14868793 0.14868793 0.14868793 0.14868793 0.14868793 0.14868793 0.14868793 0.14868793 0.14868793 0.14868793 0.14868793 0.14868793 0.14868793 0.14868793 0.14868793 0.14868793 0.14868793 0.14868793 0.14868793 0.14868793 0.14868793 0.14868793 0.14868793 0.14868793 0.14868793 0.14868793 0.14868793 0.14868793 0.14868793 0.14868793 0.14868793 0.14868793 0.14868793 0.14868793 0.14868793 0.14868793 0.14868793 0.14868793 0.14868793 0.14868793 0.14868793 0.14868793 0.14868793 0.14868793 0.14868793 0.14868793 0.14868793 0.14868793 0.14868793 0.14868793 0.14868793 0.14868793 0.14868793 0.14868793 0.14868793 0.14868793 0.14868793 0.14868793 0.14868793 0.14868793 0.14868793 0.14868793 0.14868793 0.14868793 0.14868793 0.14868793 0.14868793 0.14868793 0.14868793 0.14868793 0.14868793 0.14868793 0.14868793 0.14868793 0.14868793 0.14868793 0.14868793 0.14868793 0.14868793 0.14868793 0.14868793 0.14868793 0.14868793 0.14868793 0.14868793 0.14868793 0.14868793 0.14868793 0.14868793 0.14868793 0.14868793 0.14868793 0.14868793 0.14868793 0.14868793 0.14868793 0.14868793 0.14868793 0.14868793 0.14868793 0.14868793 0.14868793 0.14868793 0.14868793 0.14868793 0.14868793 0.14868793 0.14868793 0.14868793 0.14868793 0.14868793 0.14868793 0.14868793 0.14868793 0.14868793 0.14868793 0.14868793 0.14868793 0.14868793 0.14868793 0.14868793 0.14868793 0.14868793 0.14868793 0.14868793 0.14868793 0.14868793 0.14868793 0.14868793 0.14868793 0.14868793 0.14868793 0.14868793 0.14868793 0.14868793 0.14868793 0.14868793 0.14868793 0.14868793 0.14868793 0.14868793 0.14868793 0.14868793 0.14868793 0.14868793 0.14868793 0.14868793 0.14868793 0.14868793 0.14868793 0.14868793 0.14868793 0.14868793 0.14868793 0.14868793 0.14868793 0.14868793 0.14868793 0.14868793 0.14868793 0.14868793 0.14868793 0.14868793 0.14868793 0.14868793 0.14868793 0.14868793 0.14868793 0.14868793 0.14868793 0.14868793 0.14868793,0.14866978 0.14866978 0.14866978 0.14866978 0.14866978 0.14866978 0.14866978 0.14866978 0.14866978 0.14866978 0.14866978 0.14866978 0.14866978 0.14866978 0.14866978 0.14866978 0.14866978 0.14866978 0.14866978 0.14866978 0.14866978 0.14866978 0.14866978 0.14866978 0.14866978 0.14866978 0.14866978 0.14866978 0.14866978 0.14866978 0.14866978 0.14866978 0.14866978 0.14866978 0.14866978 0.14866978 0.14866978 0.14866978 0.14866978 0.14866978 0.14866978 0.14866978 0.14866978 0.14866978 0.14866978 0.14866978 0.14866978 0.14866978 0.14866978 0.14866978 0.14866978 0.14866978 0.14866978 0.14866978 0.14866978 0.14866978 0.14866978 0.14866978 0.14866978 0.14866978 0.14866978 0.14866978 0.14866978 0.14866978 0.14866978 0.14866978 0.14866978 0.14866978 0.14866978 0.14866978 0.14866978 0.14866978 0.14866978 0.14866978 0.14866978 0.14866978 0.14866978 0.14866978 0.14866978 0.14866978 0.14866978 0.14866978 0.14866978 0.14866978 0.14866978 0.14866978 0.14866978 0.14866978 0.14866978 0.14866978 0.14866978 0.14866978 0.14866978 0.14866978 0.14866978 0.14866978 0.14866978 0.14866978 0.14866978 0.14866978 0.14866978 0.14866978 0.14866978 0.14866978 0.14866978 0.14866978 0.14866978 0.14866978 0.14866978 0.14866978 0.14866978 0.14866978 0.14866978 0.14866978 0.14866978 0.14866978 0.14866978 0.14866978 0.14866978 0.14866978 0.14866978 0.14866978 0.14866978 0.14866978 0.14866978 0.14866978 0.14866978 0.14866978 0.14866978 0.14866978 0.14866978 0.14866978 0.14866978 0.14866978 0.14866978 0.14866978 0.14866978 0.14866978 0.14866978 0.14866978 0.14866978 0.14866978 0.14866978 0.14866978 0.14866978 0.14866978 0.14866978 0.14866978 0.14866978 0.14866978 0.14866978 0.14866978 0.14866978 0.14866978 0.14866978 0.14866978 0.14866978 0.14866978 0.14866978 0.14866978 0.14866978 0.14866978 0.14866978 0.14866978 0.14866978 0.14866978 0.14866978 0.14866978 0.14866978 0.14866978 0.14866978 0.14866978 0.14866978 0.14866978 0.14866978 0.14866978 0.14866978 0.14866978 0.14866978 0.14866978 0.14866978 0.14866978 0.14866978 0.14866978 0.14866978 0.14866978 0.14866978 0.14866978 0.14866978 0.14866978 0.14866978 0.14866978 0.14866978 0.14866978 0.14866978 0.14866978 0.14866978 0.14866978 0.14866978 0.14866978 0.14866978 0.14866978 0.14866978 0.14866978 0.14866978 0.14866978 0.14866978 0.14866978 0.14866978 0.14866978 0.14866978 0.14866978 0.14866978 0.14866978 0.14866978 0.14866978 0.14866978 0.14866978 0.14866978 0.14866978 0.14866978 0.14866978 0.14866978 0.14866978 0.14866978 0.14866978 0.14866978 0.14866978 0.14866978 0.14866978 0.14866978 0.14866978 0.14866978 0.14866978 0.14866978 0.14866978 0.14866978 0.14866978 0.14866978 0.14866978 0.14866978 0.14866978 0.14866978 0.14866978 0.14866978 0.14866978 0.14866978 0.14866978 0.14866978 0.14866978 0.14866978 0.14866978 0.14866978 0.14866978 0.14866978 0.14866978,,0,0
